timestamp,num_switches,num_flows,flow_stats_update_ms
1778028707.051623,2,0,0.006
1778028708.0435305,2,66,0.118
1778028709.0445204,2,66,0.223
1778028710.0555708,2,66,0.315
1778028711.0602515,2,66,0.33
1778028712.0629792,2,66,0.186
1778028713.0691078,2,66,0.136
1778028714.0801477,2,66,0.407
1778028715.0876422,2,66,0.36
1778028716.0963392,2,66,0.157
1778028717.102347,2,66,0.196
1778028718.1132767,2,66,0.204
1778028719.1100712,2,66,0.233
1778028720.119601,2,66,0.215
1778028721.1300807,2,66,0.299
1778028722.1328151,2,66,0.228
1778028723.1324267,2,66,0.217
1778028724.1422825,2,66,0.235
1778028725.1551142,2,66,0.432
1778028726.1640105,2,66,0.286
1778028727.165316,2,66,0.154
1778028728.1682775,2,66,0.112
1778028729.1683996,2,66,0.252
1778028730.169835,2,66,0.288
1778028731.1881716,2,66,0.302
1778028732.1894813,2,66,0.269
1778028733.1963282,2,66,0.246
1778028734.2046583,2,66,0.135
1778028735.2114828,2,66,0.226
1778028736.2191792,2,66,0.373
1778028737.2194986,2,66,0.211
1778028738.2213438,2,66,0.2
1778028739.2257817,2,66,0.217
1778028740.2300587,2,66,0.454
1778028741.2402422,2,66,0.188
1778028742.2466578,2,66,0.273
1778028743.256505,2,66,0.196
1778028744.2651532,2,66,0.359
1778028745.260011,2,66,0.226
1778028746.2711463,2,66,0.309
1778028747.2792614,2,66,0.261
1778028748.2776508,2,66,0.209
1778028749.291389,2,66,0.184
1778028750.29281,2,66,0.172
1778028751.2941964,2,66,0.145
1778028752.3071618,2,66,0.278
1778028753.3096557,2,66,0.163
1778028754.319558,2,66,0.174
1778028755.3250024,2,66,0.258
1778028756.3271403,2,66,0.279
1778028757.3403673,2,66,0.174
1778028758.3370655,2,66,0.333
1778028759.3533096,2,66,0.343
1778028760.3453648,2,66,0.149
1778028761.3542273,2,66,0.327
1778028762.3627446,2,66,0.162
1778028763.3713791,2,66,0.263
1778028764.3781822,2,66,0.283
1778028765.3730588,2,66,0.089
1778028766.377599,2,66,0.125
1778028767.3861613,2,66,0.178
1778028768.3856514,2,66,0.119
1778028769.3945894,2,66,0.211
1778028770.4038086,2,66,0.152
1778028771.4144437,2,66,0.156
1778028772.4116073,2,66,0.2
1778028773.424049,2,66,0.189
1778028774.4309423,2,66,0.188
1778028775.4393806,2,66,0.164
1778028776.4375682,2,66,0.186
1778028777.4500344,2,66,0.163
1778028778.4544873,2,66,0.154
1778028779.4528928,2,66,0.173
1778028780.4618564,2,66,0.328
1778028781.467122,2,66,0.148
1778028782.4807775,2,66,0.223
1778028783.47989,2,66,0.298
1778028784.489338,2,66,0.186
1778028785.495348,2,66,0.223
1778028786.5051217,2,66,0.19
1778028787.5049365,2,66,0.286
1778028788.516316,2,66,0.262
1778028789.5219154,2,66,0.309
1778028790.5277357,2,66,0.206
1778028791.5270188,2,66,0.365
1778028792.5291657,2,66,0.324
1778028793.534879,2,66,0.229
1778028794.5427136,2,66,0.357
1778028795.5455916,2,66,0.212
1778028796.548959,2,66,0.202
1778028797.5518572,2,66,0.288
1778028798.5571105,2,66,0.293
1778028799.5559058,2,66,0.189
1778028800.5632377,2,66,0.192
1778028801.5714664,2,66,0.202
1778028802.5754862,2,66,0.204
1778028803.5772393,2,66,0.196
1778028804.5816326,2,66,0.206
1778028805.5874276,2,66,0.216
1778028806.5968227,2,66,0.233
1778028807.5985937,2,66,0.196
1778028808.5944836,2,66,0.199
1778028809.6019206,2,66,0.19
1778028810.6119785,2,66,0.2
1778028811.6162488,2,66,0.378
1778028812.622417,2,66,0.235
1778028813.6236644,2,66,0.21
1778028814.6281872,2,66,0.331
1778028815.6383164,2,66,0.318
1778028816.6384,2,66,0.288
1778028817.6448479,2,66,0.3
1778028818.6505237,2,66,0.215
1778028819.653607,2,66,0.226
1778028820.6593707,2,66,0.197
1778028821.6602638,2,66,0.206
1778028822.6627164,2,66,0.194
1778028823.6679685,2,66,0.314
1778028824.67326,2,66,0.196
1778028825.671835,2,66,0.152
1778028826.6734629,2,66,0.151
1778028827.6842294,2,66,0.279
1778028828.6890643,2,66,0.177
1778028829.6899912,2,66,0.24
1778028830.6974893,2,66,0.197
1778028831.7033477,2,66,0.277
1778028832.706634,2,66,0.197
1778028833.7159517,2,66,0.3
1778028834.720438,2,66,0.379
1778028835.7259903,2,66,0.342
1778028836.72436,2,66,0.213
1778028837.7354026,2,66,0.589
1778028838.7363653,2,66,0.355
1778028839.747539,2,66,0.219
1778028840.7554178,2,66,0.16
1778028841.756539,2,66,0.195
1778028842.755618,2,66,0.238
1778028843.7620444,2,66,0.268
1778028844.7671824,2,66,0.253
1778028845.7681031,2,66,0.205
1778028846.7727585,2,66,0.211
1778028847.78411,2,66,0.334
1778028848.7817364,2,66,0.185
1778028849.792375,2,66,0.202
1778028850.795083,2,66,0.359
1778028851.8052337,2,66,0.275
1778028852.809122,2,66,0.431
1778028853.8109872,2,66,0.301
1778028854.8263125,2,66,0.162
1778028855.830877,2,66,0.287
1778028856.8505428,2,66,0.269
1778028857.8480146,2,66,0.441
1778028858.8555741,2,66,0.144
1778028859.8544955,2,66,0.218
1778028860.8628724,2,66,0.282
1778028861.866686,2,66,0.206
1778028862.8713021,2,66,0.398
1778028863.8776183,2,66,0.179
1778028864.884741,2,66,0.216
1778028865.8924155,2,66,0.251
1778028866.9061594,2,66,0.239
1778028867.9091442,2,66,0.248
1778028868.9167671,2,66,0.223
1778028869.9213424,2,66,0.222
1778028870.9318204,2,66,0.303
1778028871.928165,2,66,0.199
1778028872.9384913,2,66,0.178
1778028873.9428122,2,66,0.187
1778028874.9596891,2,66,0.2
1778028875.9555857,2,66,0.227
1778028876.961546,2,66,0.162
1778028877.9626777,2,66,0.226
1778028878.9665494,2,66,0.226
1778028879.978137,2,66,0.152
1778028880.9790833,2,66,0.352
1778028881.976203,2,66,0.174
1778028882.9810255,2,66,0.212
1778028883.9890387,2,66,0.176
1778028885.0003047,2,66,0.176
1778028885.9983544,2,66,0.141
1778028887.0037143,2,66,0.14
1778028888.0162153,2,66,0.223
1778028889.0217588,2,66,0.162
1778028890.0239518,2,66,0.149
1778028891.0294535,2,66,0.174
1778028892.0314176,2,66,0.158
1778028893.030335,2,66,0.257
1778028894.86639,2,66,0.178
1778028895.847455,2,66,0.126
1778028896.8516836,2,66,0.197
1778028898.8309324,2,66,0.105
1778028899.8331032,2,66,0.117
1778028901.8400085,2,66,0.176
1778028901.973426,2,66,0.112
1778028903.847076,2,66,0.17
1778028904.03887,2,66,0.158
1778028905.942145,2,66,0.166
1778028907.8362768,2,66,0.174
1778028908.8346117,2,66,0.1
1778028908.9533162,2,66,0.138
1778028909.965249,2,66,0.152
1778028911.8501112,2,66,0.338
1778028912.8317318,2,66,0.173
1778028914.8447251,2,66,0.116
1778028915.8350756,2,66,0.11
1778028915.9611597,2,66,0.13
1778028917.8467197,2,66,0.256
1778028918.8450625,2,66,0.247
1778028919.8422496,2,66,0.187
1778028920.8557312,2,66,1.343
1778028921.8538013,2,66,0.234
1778028922.845768,2,66,0.24
1778028923.8440828,2,66,0.234
1778028925.8407142,2,66,0.245
1778028925.9540422,2,66,0.157
1778028927.8421855,2,66,0.229
1778028928.8387942,2,66,0.16
1778028929.8583126,2,66,0.175
1778028930.9510348,2,66,0.15
1778028931.9568617,2,66,0.179
1778028932.957576,2,66,0.138
1778028933.967388,2,66,0.11
1778028935.8481462,2,66,0.248
1778028936.8435318,2,66,0.11
1778028936.9857445,2,66,0.295
1778028937.9857883,2,66,0.275
1778028938.9833481,2,66,0.245
1778028939.9895725,2,66,0.138
1778028941.0488832,2,66,0.309
1778028942.047654,2,66,0.311
1778028943.0738068,2,66,0.257
1778028944.0540187,2,66,0.224
1778028945.188841,2,66,0.301
1778028946.2041855,2,66,0.44
1778028947.2066247,2,66,0.287
1778028948.2068243,2,66,0.291
1778028949.2101796,2,66,0.255
1778028950.211187,2,66,0.453
1778028951.218105,2,66,0.265
1778028952.3913808,2,66,0.296
1778028953.4625728,2,66,0.325
1778028954.3946168,2,66,0.299
1778028955.3984227,2,66,0.288
1778028956.4689264,2,66,0.271
1778028957.474679,2,66,0.303
1778028958.4766877,2,66,0.396
1778028959.4766493,2,66,0.316
1778028960.4800692,2,66,0.367
1778028961.4936492,2,66,0.325
1778028962.4931865,2,66,0.355
1778028963.495989,2,66,0.31
1778028964.4969413,2,66,0.308
1778028965.4998555,2,66,0.32
1778028966.5014052,2,66,0.288
1778028967.5076065,2,66,0.307
1778028968.5076463,2,66,0.305
1778028969.51776,2,66,0.313
1778028970.514025,2,66,0.3
1778028971.5172663,2,66,0.313
1778028972.5187492,2,66,0.288
1778028973.5312803,2,66,0.311
1778028974.5235844,2,66,0.304
1778028975.5387542,2,66,0.315
1778028976.548874,2,66,0.302
1778028977.54969,2,66,0.314
1778028978.549083,2,66,0.32
1778028979.5725563,2,66,0.321
1778028980.5615807,2,66,0.318
1778028981.5633957,2,66,0.321
1778028982.5630085,2,66,0.309
1778028983.563623,2,66,0.313
1778028984.5757933,2,66,0.205
1778028985.5776422,2,66,0.312
1778028986.585091,2,66,0.315
1778028987.581458,2,66,0.314
1778028988.5911765,2,66,0.236
1778028990.2877932,2,66,0.321
1778028992.2336621,2,66,0.305
1778028993.5882776,2,66,0.515
1778028994.7295523,2,66,0.316
1778028996.2078443,2,66,0.309
1778028997.2527146,2,66,0.299
1778028998.27752,2,66,0.314
1778028999.2738345,2,66,0.252
1778029000.2793117,2,66,0.17
1778029001.2918983,2,66,0.292
1778029002.2918713,2,66,0.3
1778029003.2980034,2,66,0.366
1778029004.3006215,2,66,0.316
1778029005.302572,2,66,0.313
1778029006.3238938,2,66,0.306
1778029007.3085093,2,66,0.297
1778029008.3204615,2,66,0.167
1778029009.3229494,2,66,0.182
1778029010.3315132,2,66,0.277
1778029011.3381846,2,66,0.3
1778029012.3414917,2,66,0.312
1778029013.3440485,2,66,0.281
1778029014.346399,2,66,0.307
1778029015.3963974,2,66,0.487
1778029016.5162704,2,66,0.25
1778029017.525623,2,66,0.24
1778029018.5239553,2,66,0.314
1778029019.5321417,2,66,0.317
1778029020.5351908,2,66,0.311
1778029021.5536628,2,66,0.322
1778029022.6542978,2,66,0.464
1778029023.6366858,2,66,0.203
1778029024.6437323,2,66,0.314
1778029025.642471,2,66,0.292
1778029026.6466315,2,66,0.317
1778029027.6520002,2,66,0.314
1778029028.6551447,2,66,0.293
1778029029.6562026,2,66,0.314
1778029030.6594765,2,66,0.301
1778029031.6704745,2,66,0.277
1778029032.7177444,2,66,0.298
1778029033.7189484,2,66,0.278
1778029034.771986,2,66,0.295
1778029035.775285,2,66,0.297
1778029036.7828925,2,66,0.147
1778029037.7850273,2,66,0.289
1778029038.7918184,2,66,0.304
1778029039.792626,2,66,0.295
1778029040.7944345,2,66,0.291
1778029041.8043191,2,66,0.313
1778029042.801132,2,66,0.312
1778029043.8077145,2,66,0.304
1778029044.8068395,2,66,0.298
1778029045.809625,2,66,0.3
1778029046.8140345,2,66,0.285
1778029047.82078,2,66,0.293
1778029048.817891,2,66,0.3
1778029049.8875043,2,66,0.309
1778029051.1720052,2,66,0.302
1778029052.1746004,2,66,0.29
1778029053.1773586,2,66,0.308
1778029054.184887,2,66,0.297
1778029055.1869218,2,66,0.287
1778029056.1888106,2,66,0.287
1778029057.1916952,2,66,0.316
1778029058.1951137,2,66,0.362
1778029059.2028954,2,66,0.166
1778029060.210418,2,66,0.308
1778029061.2102757,2,66,0.162
1778029062.213485,2,66,0.31
1778029063.2175503,2,66,0.292
1778029064.2345564,2,66,0.314
1778029065.2365131,2,66,0.309
1778029066.2434518,2,66,0.303
1778029067.2455988,2,66,0.304
1778029068.2503464,2,66,0.293
1778029069.2579656,2,66,0.287
1778029070.256716,2,66,0.291
1778029071.2583885,2,66,0.261
1778029072.2633374,2,66,0.325
1778029073.263511,2,66,0.38
1778029074.268415,2,66,0.305
1778029075.2700052,2,66,0.31
1778029076.2749562,2,66,0.283
1778029077.2856765,2,66,0.278
1778029078.2864683,2,66,0.26
1778029079.3104334,2,66,0.315
1778029080.3048692,2,66,0.277
1778029081.3105705,2,66,0.305
1778029082.3144746,2,66,0.312
1778029083.3172433,2,66,0.148
1778029084.3258176,2,66,0.198
1778029085.332621,2,66,0.29
1778029086.3364723,2,66,0.303
1778029087.3419933,2,66,0.314
1778029088.3475876,2,66,0.186
1778029089.3514748,2,66,0.305
1778029090.354631,2,66,0.311
1778029091.3618062,2,66,0.197
1778029092.3635368,2,66,0.318
1778029093.3702607,2,66,0.171
1778029094.3732038,2,66,0.3
1778029095.3965242,2,66,0.271
1778029096.3964772,2,66,0.326
1778029097.396475,2,66,0.312
1778029098.400622,2,66,0.304
1778029099.4013348,2,66,0.212
1778029100.411274,2,66,0.302
1778029101.4144714,2,66,0.325
1778029102.4185264,2,66,0.304
1778029103.4756844,2,66,0.332
1778029104.6087322,2,66,0.309
1778029106.3071296,2,66,0.406
1778029107.1755831,2,66,0.291
1778029108.2527125,2,66,0.291
1778029109.4504528,2,66,0.329
1778029110.8726442,2,66,0.306
1778029111.8908901,2,66,0.318
1778029112.8757353,2,66,0.302
1778029114.034518,2,66,0.327
1778029115.085449,2,66,0.319
1778029116.409799,2,66,0.281
1778029117.5941603,2,66,0.438
1778029118.7622402,2,66,0.477
1778029120.1466362,2,66,0.316
1778029121.1999395,2,66,0.308
1778029122.192199,2,66,0.509
1778029123.2491763,2,66,0.313
1778029124.4323993,2,66,0.315
1778029125.401981,2,66,0.31
1778029126.6529713,2,66,0.309
1778029127.8573694,2,66,0.319
1778029128.9465203,2,66,0.322
1778029130.6554213,2,66,0.288
1778029132.1329372,2,66,0.332
1778029132.930759,2,66,0.287
1778029134.016264,2,66,0.316
1778029135.344415,2,66,0.278
1778029136.5014522,2,66,0.286
1778029137.9345512,2,66,0.313
1778029139.0930047,2,66,0.317
1778029140.9217641,2,66,0.298
1778029141.7027178,2,66,0.297
1778029142.8329139,2,66,0.312
1778029144.2351549,2,66,0.311
1778029145.2879517,2,66,0.314
1778029146.2535465,2,66,0.328
1778029147.5492718,2,66,0.303
1778029148.627302,2,66,0.173
1778029149.6925304,2,66,0.296
1778029150.811071,2,66,0.317
1778029151.9184403,2,66,0.324
1778029153.1809862,2,66,0.323
1778029154.4153643,2,66,0.32
1778029155.5544686,2,66,0.335
1778029156.634748,2,66,0.222
1778029157.5743132,2,66,0.307
1778029158.6325889,2,66,0.31
1778029159.5948675,2,66,0.316
1778029160.6057436,2,66,0.312
1778029161.6141398,2,66,0.314
1778029162.6126916,2,66,0.296
1778029163.6150374,2,66,0.318
1778029164.6306708,2,66,0.19
1778029165.633787,2,66,0.243
1778029166.6366155,2,66,0.318
1778029167.640327,2,66,0.195
1778029168.6633425,2,66,0.312
1778029169.6565287,2,66,0.277
1778029170.6552687,2,66,0.439
1778029171.6602955,2,66,0.174
1778029172.6657155,2,66,0.286
1778029173.6678636,2,66,0.314
1778029174.6793795,2,66,0.167
1778029175.6882641,2,66,0.299
1778029176.6927135,2,66,0.347
1778029177.8058412,2,66,0.322
1778029179.0126548,2,66,0.293
1778029179.938865,2,66,0.288
1778029180.9484932,2,66,0.429
1778029181.9519296,2,66,0.31
1778029182.949183,2,66,0.314
1778029183.960422,2,66,0.426
1778029184.9524508,2,66,0.304
1778029185.9549315,2,66,0.312
1778029186.9617379,2,66,0.268
1778029187.9617412,2,66,0.352
1778029188.9739017,2,66,0.289
1778029190.4079185,2,66,0.319
1778029191.0334003,2,66,0.314
1778029192.3199723,2,66,0.325
1778029193.233572,2,66,0.315
1778029194.3572464,2,66,0.291
1778029195.249433,2,66,0.32
1778029196.3396072,2,66,0.316
1778029197.5367637,2,66,0.32
1778029198.493893,2,66,0.252
1778029199.5183697,2,66,0.323
1778029200.6527293,2,66,0.18
1778029201.6441922,2,66,0.33
1778029202.9499326,2,66,0.294
1778029204.0791197,2,66,0.32
1778029205.0704312,2,66,0.309
1778029206.5138433,2,66,0.319
1778029207.4697378,2,66,0.316
1778029208.4759374,2,66,0.309
1778029209.5041373,2,66,0.312
1778029210.5357149,2,66,0.319
1778029211.664692,2,66,0.298
1778029212.7746577,2,66,0.309
1778029213.8581057,2,66,0.253
1778029215.1044421,2,66,0.324
1778029216.1154122,2,66,0.315
1778029217.2421246,2,66,0.312
1778029218.2501106,2,66,0.316
1778029219.2631755,2,66,0.409
1778029220.2704132,2,66,0.309
1778029221.2704859,2,66,0.322
1778029222.2728522,2,66,0.296
1778029223.4338844,2,66,0.623
1778029224.3661606,2,66,0.407
1778029225.4071555,2,66,0.306
1778029226.3978755,2,66,0.295
1778029227.4828663,2,66,0.312
1778029228.4827323,2,66,0.314
1778029229.4887075,2,66,0.325
1778029230.4904084,2,66,0.321
1778029231.491518,2,66,0.315
1778029232.5012312,2,66,0.291
1778029233.615443,2,66,0.32
1778029234.6444063,2,66,0.318
1778029235.6906679,2,66,0.295
1778029236.6995757,2,66,0.322
1778029237.7020943,2,66,0.32
1778029238.7111242,2,66,0.301
1778029239.847416,2,66,0.323
1778029240.9965532,2,66,0.309
1778029242.0056581,2,66,0.32
1778029243.0126014,2,66,0.306
1778029244.0119667,2,66,0.315
1778029245.0227866,2,66,0.316
1778029246.0968766,2,66,0.32
1778029247.0302444,2,66,0.341
1778029248.033882,2,66,0.319
1778029249.0395312,2,66,0.312
1778029250.036562,2,66,0.332
1778029251.0398548,2,66,0.317
1778029252.0486028,2,66,0.336
1778029253.0531163,2,66,0.312
1778029254.0564413,2,66,0.341
1778029255.0618627,2,66,0.296
1778029256.0662796,2,66,0.414
1778029257.0751286,2,66,0.33
1778029258.0685725,2,66,0.317
1778029259.071143,2,66,0.333
1778029260.070017,2,66,0.368
1778029261.0859733,2,66,0.313
1778029262.0912845,2,66,0.318
1778029263.0928354,2,66,0.313
1778029264.099445,2,66,0.536
1778029265.1124187,2,66,0.324
1778029266.1324286,2,66,0.315
1778029267.1291146,2,66,0.321
1778029268.1329896,2,66,0.304
1778029269.1387467,2,66,0.301
1778029270.144493,2,66,0.323
1778029271.146505,2,66,0.324
1778029272.147969,2,66,0.318
1778029273.1598892,2,66,0.739
1778029274.1594672,2,66,0.316
1778029275.1631339,2,66,0.324
1778029276.1690137,2,66,0.308
1778029277.169579,2,66,0.316
1778029278.3151186,2,66,0.506
1778029279.3653688,2,66,0.305
1778029280.3707218,2,66,0.326
1778029281.380719,2,66,0.302
1778029282.3800395,2,66,0.283
1778029283.3966312,2,66,0.302
1778029284.3990664,2,66,0.3
1778029285.3979242,2,66,0.316
1778029286.4032547,2,66,0.315
1778029287.4079359,2,66,0.312
1778029288.4202464,2,66,0.183
1778029289.6305997,2,66,0.323
1778029290.6672776,2,66,0.317
1778029291.6720555,2,66,0.322
1778029293.3608947,2,66,0.321
1778029294.4637928,2,66,0.336
1778029295.5986865,2,66,0.319
1778029296.607716,2,66,0.32
1778029297.604435,2,66,0.315
1778029298.611757,2,66,0.315
1778029299.6229224,2,66,0.292
1778029300.6255555,2,66,0.312
1778029301.6335487,2,66,0.246
1778029302.63809,2,66,0.215
1778029303.656269,2,66,0.324
1778029304.662883,2,66,0.302
1778029305.6861506,2,66,0.319
1778029306.6888776,2,66,0.32
1778029307.6948805,2,66,0.315
1778029308.707984,2,66,0.236
1778029309.70701,2,66,0.315
1778029310.7149954,2,66,0.32
1778029311.7158673,2,66,0.317
1778029312.7157624,2,66,0.33
1778029313.8597586,2,66,0.316
1778029314.8828833,2,66,0.317
1778029315.7996664,2,66,0.312
1778029316.889136,2,66,0.744
1778029317.998445,2,66,0.313
1778029319.5605395,2,66,0.318
1778029321.0394216,2,66,0.32
1778029322.7231574,2,66,0.318
1778029323.7795792,2,66,0.313
1778029325.3449962,2,66,0.313
1778029326.4973755,2,66,0.297
1778029327.5814173,2,66,0.311
1778029329.6203315,2,66,0.403
1778029330.6219056,2,66,0.319
1778029331.6198413,2,66,0.322
1778029332.6618078,2,66,0.323
1778029334.6366522,2,66,0.309
1778029335.6385608,2,66,0.319
1778029336.6410458,2,66,0.299
1778029337.6434624,2,66,0.293
1778029338.669585,2,66,0.195
1778029339.6561306,2,66,0.31
1778029340.658335,2,66,0.406
1778029341.6643019,2,66,0.309
1778029342.70775,2,66,0.318
1778029343.8143897,2,66,0.299
1778029345.2835262,2,66,0.309
1778029346.156207,2,66,0.319
1778029347.1699789,2,66,0.244
1778029348.1718554,2,66,0.248
1778029349.1757448,2,66,0.31
1778029350.195805,2,66,0.322
1778029351.2070906,2,66,0.319
1778029352.2054172,2,66,0.291
1778029353.2132876,2,66,0.319
1778029354.219011,2,66,0.306
1778029355.2175639,2,66,0.298
1778029356.224815,2,66,0.32
1778029357.2324586,2,66,0.38
1778029358.236473,2,66,0.323
1778029359.2402442,2,66,0.268
1778029360.2448945,2,66,0.279
1778029361.2495193,2,66,0.306
1778029362.265826,2,66,0.282
1778029363.2752144,2,66,0.252
1778029364.2815313,2,66,0.286
1778029365.2871437,2,66,0.325
1778029366.29005,2,66,0.324
1778029367.4783766,2,66,0.163
1778029368.4916065,2,66,0.174
1778029370.2678971,2,66,0.319
1778029371.2541285,2,66,0.314
1778029372.2441905,2,66,0.297
1778029373.145079,2,66,0.239
1778029374.238878,2,66,0.306
1778029375.3385222,2,66,0.288
1778029376.399036,2,66,0.299
1778029377.2826867,2,66,0.307
1778029378.2848647,2,66,0.186
1778029379.2939873,2,66,0.314
1778029380.2972224,2,66,0.314
1778029381.302624,2,66,0.324
1778029382.3074503,2,66,0.274
1778029383.3157868,2,66,0.281
1778029384.3162942,2,66,0.303
1778029385.323442,2,66,0.281
1778029386.325316,2,66,0.239
1778029387.3340058,2,66,0.238
1778029388.3351479,2,66,0.245
1778029389.340862,2,66,0.28
1778029390.3425303,2,66,0.256
1778029391.3544621,2,66,0.26
1778029392.3497822,2,66,0.299
1778029393.3655288,2,66,0.312
1778029394.367196,2,66,0.19
1778029395.3705356,2,66,0.266
1778029396.3989046,2,66,0.286
1778029397.504816,2,66,0.318
1778029398.4034524,2,66,0.319
1778029399.4283836,2,66,0.305
1778029400.4416747,2,66,0.196
1778029401.7223604,2,66,0.193
1778029402.799991,2,66,0.177
1778029404.1046298,2,66,0.278
1778029405.1268263,2,66,0.304
1778029406.393879,2,66,0.521
1778029407.1920197,2,66,0.333
1778029408.1280913,2,66,0.343
1778029409.460705,2,66,0.288
1778029410.773006,2,66,0.202
1778029412.2096944,2,66,0.35
1778029413.3264706,2,66,0.332
1778029414.3933215,2,66,0.316
1778029416.0100024,2,66,0.19
1778029416.9952757,2,66,0.179
1778029418.04838,2,66,0.25
1778029419.0402343,2,66,0.196
1778029420.053844,2,66,0.248
1778029421.0731955,2,66,0.249
1778029422.0820374,2,66,0.289
1778029423.0875404,2,66,0.314
1778029424.0973732,2,66,0.319
1778029425.1008096,2,66,0.31
1778029426.1039853,2,66,0.248
1778029427.1131594,2,66,0.311
1778029428.1137986,2,66,0.27
1778029429.1165543,2,66,0.254
1778029430.1186817,2,66,0.265
1778029431.125284,2,66,0.265
1778029432.5186381,2,66,0.309
1778029433.4372017,2,66,0.254
1778029434.4475963,2,66,0.243
1778029435.4502215,2,66,0.238
1778029436.451069,2,66,0.242
1778029437.4514039,2,66,0.313
1778029438.4617052,2,66,0.24
1778029439.4938612,2,66,0.273
1778029440.4923937,2,66,0.185
1778029441.4990816,2,66,0.18
1778029442.5631247,2,66,0.192
1778029443.5768735,2,66,0.155
1778029444.5843751,2,66,0.172
1778029445.5854757,2,66,0.238
1778029446.5957878,2,66,0.411
1778029447.7265906,2,66,0.932
1778029448.618656,2,66,0.275
1778029449.6332097,2,66,0.193
1778029450.636762,2,66,0.242
1778029451.6466932,2,66,0.213
1778029452.6835835,2,66,0.332
1778029453.6518028,2,66,0.199
1778029454.656415,2,66,0.229
1778029455.66097,2,66,0.2
1778029456.6730552,2,66,0.206
1778029457.73413,2,66,0.193
1778029459.3437471,2,66,0.431
1778029460.3503952,2,66,0.212
1778029461.280561,2,66,0.265
1778029462.728667,2,66,0.22
1778029463.7325478,2,66,0.324
1778029464.7490427,2,66,0.3
1778029465.7519925,2,66,0.265
1778029466.7594364,2,66,0.168
1778029467.7666252,2,66,0.171
1778029468.948742,2,66,0.311
1778029470.015475,2,66,0.342
1778029470.8836515,2,66,0.194
1778029472.1277704,2,66,0.301
1778029473.1085775,2,66,0.312
1778029474.1516926,2,66,0.309
1778029475.1916919,2,66,0.228
1778029476.2007883,2,66,0.248
1778029477.2064393,2,66,0.348
1778029478.209218,2,66,0.296
1778029479.2105649,2,66,0.245
1778029480.2214003,2,66,0.24
1778029481.6020365,2,66,0.194
1778029482.6264875,2,66,0.202
1778029483.752967,2,66,0.434
1778029484.6464362,2,66,0.183
1778029485.65137,2,66,0.221
1778029486.6549733,2,66,0.186
1778029487.66374,2,66,0.186
1778029488.668309,2,66,0.206
1778029490.1865942,2,66,0.312
1778029490.840094,2,66,0.23
1778029491.7668338,2,66,0.172
1778029492.903318,2,66,0.209
1778029493.8487597,2,66,0.279
1778029494.9056072,2,66,0.193
1778029496.0246844,2,66,0.214
1778029497.0336337,2,66,0.285
1778029498.0357602,2,66,0.317
1778029499.0414722,2,66,0.317
1778029500.0482583,2,66,0.46
1778029501.0487652,2,66,0.31
1778029502.0529602,2,66,0.299
1778029503.0557458,2,66,0.311
1778029504.0561895,2,66,0.377
1778029505.0600479,2,66,0.279
1778029506.060132,2,66,0.326
1778029507.066478,2,66,0.304
1778029508.0787966,2,66,0.303
1778029509.0828435,2,66,0.321
1778029510.0823562,2,66,0.25
1778029511.0962358,2,66,0.303
1778029512.0964253,2,66,0.299
1778029513.93282,2,66,0.316
1778029514.9368336,2,66,0.247
1778029515.9380698,2,66,0.184
1778029516.9437456,2,66,0.16
1778029517.953945,2,66,0.171
1778029518.9571106,2,66,0.308
1778029519.9610891,2,66,0.168
1778029520.969197,2,66,0.174
1778029521.9832177,2,66,0.176
1778029522.995689,2,66,0.164
1778029524.0122533,2,66,0.313
1778029525.012815,2,66,0.173
1778029526.0229514,2,66,0.169
1778029527.026436,2,66,0.181
1778029528.0332797,2,66,0.404
1778029529.1168146,2,66,0.326
1778029530.1262462,2,66,0.322
1778029531.1291273,2,66,0.332
1778029532.139983,2,66,0.318
1778029533.1480536,2,66,0.305
1778029534.1468241,2,66,0.313
1778029535.1947796,2,66,0.235
1778029536.199997,2,66,0.254
1778029537.2145677,2,66,0.319
1778029538.221833,2,66,0.257
1778029539.2275176,2,66,0.325
1778029540.2382503,2,66,0.237
1778029541.2404203,2,66,0.263
1778029542.2472563,2,66,0.196
1778029543.246085,2,66,0.276
1778029544.354799,2,66,0.361
1778029545.2655447,2,66,0.181
1778029546.2598624,2,66,0.226
1778029547.4531622,2,66,0.307
1778029548.2808793,2,66,0.318
1778029549.328194,2,66,0.314
1778029550.3374887,2,66,0.175
1778029552.4929671,2,66,0.252
1778029553.597651,2,66,0.501
1778029554.5816638,2,66,0.139
1778029555.808757,2,66,0.321
1778029557.0063233,2,66,0.193
1778029559.5022786,2,66,0.307
1778029559.6327114,2,66,0.26
1778029560.710925,2,66,0.303
1778029562.1199145,2,66,0.302
1778029563.039078,2,66,0.284
1778029565.1336844,2,66,0.316
1778029566.1613746,2,66,0.278
1778029567.5002172,2,66,0.283
1778029568.5266056,2,66,0.26
1778029570.5041811,2,66,0.487
1778029570.9476829,2,66,0.319
1778029571.9415967,2,66,0.188
1778029573.3784974,2,66,0.184
1778029574.3854177,2,66,0.179
1778029575.3879044,2,66,0.178
1778029576.5906065,2,66,0.18
1778029577.5727735,2,66,0.181
1778029578.5809634,2,66,0.168
1778029579.5849144,2,66,0.319
1778029580.5865095,2,66,0.132
1778029581.5901132,2,66,0.179
1778029582.590346,2,66,0.326
1778029583.5936794,2,66,0.274
1778029584.5976062,2,66,0.196
1778029585.6073003,2,66,0.222
1778029586.617564,2,66,0.216
1778029587.6164205,2,66,0.224
1778029588.6236746,2,66,0.204
1778029589.6352386,2,66,0.2
1778029590.6343255,2,66,0.19
1778029591.722315,2,66,0.318
1778029592.6423635,2,66,0.184
1778029593.8495002,2,66,0.186
1778029594.855712,2,66,0.182
1778029595.8571575,2,66,0.211
1778029596.860494,2,66,0.183
1778029597.8629382,2,66,0.19
1778029598.8712368,2,66,0.189
1778029599.872034,2,66,0.495
1778029600.8712692,2,66,0.238
1778029601.8735702,2,66,0.263
1778029602.8730857,2,66,0.249
1778029603.8774438,2,66,0.215
1778029604.881509,2,66,0.183
1778029605.8826718,2,66,0.301
1778029606.8875592,2,66,0.201
1778029608.1139512,2,66,0.316
1778029609.178255,2,66,0.239
1778029610.1809728,2,66,0.224
1778029611.1889634,2,66,0.248
1778029612.205564,2,66,0.324
1778029613.206369,2,66,0.262
1778029614.2232788,2,66,0.234
1778029615.2305505,2,66,0.261
1778029616.253724,2,66,0.323
1778029617.2587798,2,66,0.317
1778029618.2592142,2,66,0.262
1778029619.260854,2,66,0.292
1778029620.2718754,2,66,0.291
1778029621.2703753,2,66,0.321
1778029622.2755945,2,66,0.292
1778029623.2787013,2,66,0.318
1778029624.2811112,2,66,0.332
1778029625.28174,2,66,0.271
1778029626.3455257,2,66,0.319
1778029627.3552048,2,66,0.294
1778029628.4181557,2,66,0.167
1778029629.4601824,2,66,0.188
1778029631.8962708,2,66,0.225
1778029632.8971066,2,66,0.305
1778029633.907891,2,66,0.314
1778029634.9104314,2,66,0.301
1778029635.9157937,2,66,0.2
1778029636.921601,2,66,0.201
1778029637.9295406,2,66,0.2
1778029638.93579,2,66,0.212
1778029639.9349036,2,66,0.185
1778029640.9403408,2,66,0.181
1778029641.9552584,2,66,0.485
1778029642.9583066,2,66,0.324
1778029643.962685,2,66,0.173
1778029644.9667902,2,66,0.176
1778029645.9788136,2,66,0.176
1778029646.9787018,2,66,0.168
1778029647.9792142,2,66,0.189
1778029648.988904,2,66,0.154
1778029649.991415,2,66,0.23
1778029650.9975514,2,66,0.288
1778029652.0065458,2,66,0.195
1778029653.00984,2,66,0.177
1778029654.0200331,2,66,0.346
1778029655.0280368,2,66,0.162
1778029656.0309181,2,66,0.257
1778029657.0355568,2,66,0.355
1778029658.0842922,2,66,0.258
1778029659.5219917,2,66,0.182
1778029660.5314689,2,66,0.17
1778029661.534402,2,66,0.176
1778029662.5428977,2,66,0.175
1778029663.5488148,2,66,0.182
1778029664.5420456,2,66,0.149
1778029665.5470145,2,66,0.191
1778029666.553231,2,66,0.189
1778029667.5536418,2,66,0.171
1778029668.6177058,2,66,0.3
1778029669.751264,2,66,0.169
1778029670.7581124,2,66,0.171
1778029671.755837,2,66,0.173
1778029673.1716478,2,66,0.319
1778029674.985536,2,66,0.295
1778029676.0581057,2,66,0.359
1778029677.9840634,2,66,0.189
1778029679.1839383,2,66,0.499
1778029680.1835425,2,66,0.31
1778029681.2284632,2,66,0.27
1778029682.254252,2,66,0.308
1778029683.4000394,2,66,0.368
1778029684.4036086,2,66,0.315
1778029685.4281497,2,66,0.41
1778029686.4214911,2,66,0.325
1778029687.710568,2,66,0.184
1778029688.6931317,2,66,0.309
1778029689.6933806,2,66,0.234
1778029690.6980672,2,66,0.324
1778029691.7006357,2,66,0.253
1778029692.7044952,2,66,0.207
1778029693.7318172,2,66,0.17
1778029694.7904706,2,66,0.173
1778029695.8598354,2,66,0.22
1778029696.9339797,2,66,0.251
1778029698.3274174,2,66,0.27
1778029699.384192,2,66,0.309
1778029700.7805808,2,66,0.169
1778029701.785236,2,66,0.191
1778029702.8884697,2,66,0.211
1778029703.865253,2,66,0.203
1778029704.8499095,2,66,0.176
1778029705.8540316,2,66,0.221
1778029706.865254,2,66,0.181
1778029707.8649445,2,66,0.298
1778029708.8761425,2,66,0.319
1778029709.8790655,2,66,0.3
1778029710.8753235,2,66,0.237
1778029711.8789542,2,66,0.19
1778029712.8828208,2,66,0.192
1778029713.8889785,2,66,0.185
1778029714.8913894,2,66,0.305
1778029715.9022663,2,66,0.204
1778029716.898212,2,66,0.183
1778029717.9907415,2,66,0.214
1778029718.910231,2,66,0.189
1778029720.0232337,2,66,0.297
1778029720.9840095,2,66,0.247
1778029721.9894166,2,66,0.271
1778029722.9954388,2,66,0.336
1778029724.0029924,2,66,0.234
1778029725.00575,2,66,0.326
1778029726.0128994,2,66,0.315
1778029727.0122256,2,66,0.317
1778029728.0159485,2,66,0.241
1778029729.1179419,2,66,0.296
1778029730.0849915,2,66,0.235
1778029731.0986035,2,66,0.283
1778029732.098947,2,66,0.293
1778029733.5077455,2,66,0.324
1778029734.5258548,2,66,0.304
1778029735.5326695,2,66,0.309
1778029736.5349574,2,66,0.24
1778029737.5707645,2,66,0.254
1778029738.5472,2,66,0.269
1778029739.7331967,2,66,0.307
1778029740.7344072,2,66,0.199
1778029741.7451446,2,66,0.278
1778029742.7476573,2,66,0.183
1778029743.7516863,2,66,0.175
1778029744.758983,2,66,0.172
1778029745.7638917,2,66,0.174
1778029746.766267,2,66,0.297
1778029747.7724972,2,66,0.166
1778029748.7805333,2,66,0.168
1778029749.7825475,2,66,0.167
1778029750.7857065,2,66,0.321
1778029751.7936587,2,66,0.284
1778029752.7925506,2,66,0.298
1778029753.803256,2,66,0.32
1778029754.803542,2,66,0.263
1778029755.8072886,2,66,0.407
1778029756.8168502,2,66,0.291
1778029757.826036,2,66,0.18
1778029758.828224,2,66,0.194
1778029759.831194,2,66,0.18
1778029760.8338675,2,66,0.338
1778029761.8381925,2,66,0.29
1778029762.8444562,2,66,0.156
1778029763.8445437,2,66,0.191
1778029764.8566885,2,66,0.186
1778029765.8524015,2,66,0.324
1778029766.855353,2,66,0.262
1778029767.8607392,2,66,0.184
1778029768.864633,2,66,0.276
1778029769.8678725,2,66,0.372
1778029770.870084,2,66,0.264
1778029771.8808963,2,66,0.199
1778029772.8782966,2,66,0.193
1778029773.975992,2,66,0.177
1778029774.993395,2,66,0.158
1778029776.0570405,2,66,0.333
1778029777.0704753,2,66,0.325
1778029778.07921,2,66,0.266
1778029779.0807188,2,66,0.328
1778029780.0848017,2,66,0.242
1778029781.0835924,2,66,0.247
1778029782.0881653,2,66,0.257
1778029783.096009,2,66,0.266
1778029784.0992894,2,66,0.195
1778029785.1167123,2,66,0.283
1778029786.1730053,2,66,0.26
1778029787.1724613,2,66,0.309
1778029788.172508,2,66,0.255
1778029789.1854472,2,66,0.312
1778029790.2020102,2,66,0.423
1778029791.1960185,2,66,0.3
1778029792.1951032,2,66,0.397
1778029793.2012885,2,66,0.262
1778029794.206219,2,66,0.316
1778029795.2074778,2,66,0.261
1778029796.2101948,2,66,0.247
1778029797.2986648,2,66,0.311
1778029798.3988202,2,66,0.233
1778029800.2653153,2,66,0.191
1778029801.2658274,2,66,0.191
1778029802.3334143,2,66,0.304
1778029803.273995,2,66,0.284
1778029804.2788012,2,66,0.184
1778029805.3125906,2,66,0.243
1778029806.3195195,2,66,0.313
1778029807.3096006,2,66,0.305
1778029808.785745,2,66,0.316
1778029809.8167512,2,66,0.185
1778029811.6346717,2,66,0.312
1778029812.6368432,2,66,0.311
1778029813.6396482,2,66,0.216
1778029814.8263705,2,66,0.281
1778029815.8291671,2,66,0.165
1778029816.8326008,2,66,0.161
1778029817.8357153,2,66,0.314
1778029818.8400385,2,66,0.179
1778029819.8425326,2,66,0.172
1778029820.844218,2,66,0.169
1778029821.8464773,2,66,0.178
1778029822.8497193,2,66,0.294
1778029823.8548925,2,66,0.18
1778029824.856388,2,66,0.153
1778029826.012564,2,66,0.226
1778029827.0185676,2,66,0.176
1778029828.0284588,2,66,0.253
1778029829.134544,2,66,0.295
1778029830.477029,2,66,0.289
1778029831.465235,2,66,0.182
1778029832.4647973,2,66,0.208
1778029833.48147,2,66,0.191
1778029834.4674227,2,66,0.154
1778029835.4696465,2,66,0.159
1778029836.5925014,2,66,0.159
1778029837.5588877,2,66,0.315
1778029838.6720057,2,66,0.224
1778029839.5541766,2,66,0.446
1778029840.5768268,2,66,0.294
1778029841.7446883,2,66,0.212
1778029842.728607,2,66,0.295
1778029843.7368903,2,66,0.3
1778029844.7350311,2,66,0.291
1778029845.7370524,2,66,0.217
1778029846.7503638,2,66,0.259
1778029847.7598875,2,66,0.242
1778029848.9940448,2,66,0.453
1778029849.9150705,2,66,0.173
1778029850.9148142,2,66,0.189
1778029851.926586,2,66,0.182
1778029852.9319322,2,66,0.313
1778029853.9381003,2,66,0.2
1778029854.9384248,2,66,0.183
1778029855.9446273,2,66,0.223
1778029856.9519818,2,66,0.175
1778029858.077951,2,66,0.278
1778029859.2716813,2,66,0.276
1778029860.4321601,2,66,0.43
1778029861.4774542,2,66,0.248
1778029862.442505,2,66,0.217
1778029863.444021,2,66,0.284
1778029864.4779837,2,66,0.197
1778029865.6685622,2,66,0.262
1778029866.7588494,2,66,0.225
1778029867.8234277,2,66,0.24
1778029868.8767385,2,66,0.316
1778029869.9223306,2,66,0.191
1778029871.0519142,2,66,0.279
1778029872.0683143,2,66,0.269
1778029873.2899108,2,66,0.162
1778029874.2980056,2,66,0.212
1778029875.3040164,2,66,0.248
1778029877.031559,2,66,0.31
1778029878.0465674,2,66,0.29
1778029879.3675222,2,66,0.307
1778029880.3170269,2,66,0.268
1778029881.339206,2,66,0.416
1778029882.6934013,2,66,0.3
1778029883.9522817,2,66,0.231
1778029885.1969442,2,66,0.164
1778029888.243491,2,66,0.178
1778029889.2496295,2,66,0.321
1778029890.4892693,2,66,0.496
1778029891.4471822,2,66,0.265
1778029892.4558988,2,66,0.189
1778029893.4671767,2,66,0.172
1778029894.4720006,2,66,0.187
1778029895.4749246,2,66,0.176
1778029896.480634,2,66,0.18
1778029897.490624,2,66,0.178
1778029898.4919565,2,66,0.291
1778029899.4953043,2,66,0.312
1778029900.5047936,2,66,0.27
1778029901.5053685,2,66,0.183
1778029902.5097973,2,66,0.173
1778029903.511049,2,66,0.187
1778029904.512845,2,66,0.237
1778029905.5205965,2,66,0.171
1778029906.5179343,2,66,0.176
1778029907.5232973,2,66,0.173
1778029908.5265021,2,66,0.166
1778029909.5315745,2,66,0.309
1778029910.5399954,2,66,0.168
1778029911.5474274,2,66,0.168
1778029912.5507011,2,66,0.15
1778029913.5585995,2,66,0.173
1778029914.5636938,2,66,0.312
1778029915.5790942,2,66,0.324
1778029916.6023765,2,66,0.293
1778029917.6069021,2,66,0.254
1778029918.6058755,2,66,0.176
1778029919.608436,2,66,0.264
1778029920.6910157,2,66,0.317
1778029921.8722625,2,66,0.433
1778029923.5489428,2,66,0.175
1778029924.559405,2,66,0.147
1778029925.5542257,2,66,0.144
1778029926.6859827,2,66,0.368
1778029927.6723247,2,66,0.193
1778029928.6716428,2,66,0.199
1778029929.6763067,2,66,0.176
1778029930.6802855,2,66,0.361
1778029931.6874964,2,66,0.289
1778029932.7004645,2,66,0.295
1778029933.7029412,2,66,0.245
1778029934.7038462,2,66,0.2
1778029935.7097318,2,66,0.238
1778029936.7226028,2,66,0.17
1778029937.7232838,2,66,0.215
1778029938.7238307,2,66,0.234
1778029939.7403557,2,66,0.273
1778029940.738935,2,66,0.226
1778029941.7468228,2,66,0.177
1778029942.7530684,2,66,0.179
1778029943.756208,2,66,0.172
1778029944.7626023,2,66,0.163
1778029945.7644343,2,66,0.314
1778029946.8139875,2,66,0.249
1778029948.3076847,2,66,0.168
1778029949.2801082,2,66,0.173
1778029950.3155906,2,66,0.249
1778029951.3015409,2,66,0.176
1778029952.5455854,2,66,0.278
1778029953.5410483,2,66,0.258
1778029954.5508492,2,66,0.242
1778029955.5486717,2,66,0.225
1778029956.557407,2,66,0.249
1778029957.5557632,2,66,0.239
1778029958.6564147,2,66,0.209
1778029959.6596694,2,66,0.221
1778029960.6643076,2,66,0.308
1778029961.6675384,2,66,0.363
1778029962.9140902,2,66,0.311
1778029963.9176762,2,66,0.183
1778029964.921765,2,66,0.209
1778029965.9284031,2,66,0.32
1778029967.0993278,2,66,0.298
1778029968.074515,2,66,0.309
1778029969.625863,2,66,0.151
1778029970.6212268,2,66,0.17
1778029971.6304953,2,66,0.177
1778029972.638975,2,66,0.16
1778029973.6412482,2,66,0.175
1778029974.6449811,2,66,0.169
1778029975.6630201,2,66,0.208
1778029976.7294555,2,66,0.206
1778029977.8247437,2,66,0.314
1778029978.974184,2,66,0.197
1778029980.4765458,2,66,0.231
1778029981.515622,2,66,0.361
1778029982.4804962,2,66,0.231
1778029983.481411,2,66,0.243
1778029984.4892435,2,66,0.207
1778029985.490767,2,66,0.208
1778029986.496647,2,66,0.258
1778029987.4989731,2,66,0.203
1778029988.5054927,2,66,0.161
1778029989.5189066,2,66,0.18
1778029990.5254264,2,66,0.301
1778029991.5245674,2,66,0.29
1778029992.5304117,2,66,0.279
1778029993.5630832,2,66,0.28
1778029994.6336553,2,66,0.254
1778029995.5449305,2,66,0.333
1778029996.550419,2,66,0.311
1778029997.5495927,2,66,0.227
1778029998.5494702,2,66,0.178
1778029999.553438,2,66,0.25
1778030000.5580456,2,66,0.153
1778030001.5583177,2,66,0.293
1778030002.5620475,2,66,0.175
1778030003.5672715,2,66,0.244
1778030004.5694673,2,66,0.219
1778030005.5705645,2,66,0.299
1778030006.7341151,2,66,0.303
1778030007.9678745,2,66,0.218
1778030008.9349878,2,66,0.17
1778030009.9325647,2,66,0.213
1778030010.9381027,2,66,0.196
1778030011.945155,2,66,0.288
1778030013.0034885,2,66,0.311
1778030013.98662,2,66,0.275
1778030014.9972641,2,66,0.176
1778030016.000926,2,66,0.172
1778030017.010526,2,66,0.17
1778030018.0093348,2,66,0.171
1778030019.0173395,2,66,0.164
1778030020.0163136,2,66,0.17
1778030021.020837,2,66,0.151
1778030022.029601,2,66,0.187
1778030023.0884633,2,66,0.21
1778030024.5766385,2,66,0.179
1778030025.6601515,2,66,0.203
1778030027.1258268,2,66,0.31
1778030028.0776076,2,66,0.23
1778030029.292775,2,66,0.181
1778030030.5194068,2,66,0.251
1778030031.7988713,2,66,0.171
1778030033.5142016,2,66,0.215
1778030034.8052323,2,66,0.186
1778030035.8753076,2,66,0.199
1778030037.0467615,2,66,0.284
1778030038.1748571,2,66,0.244
1778030039.184515,2,66,0.156
1778030040.4142246,2,66,0.282
1778030042.5007496,2,66,0.255
1778030043.5410979,2,66,0.344
1778030044.9446115,2,66,0.206
1778030045.9545324,2,66,0.197
1778030047.0304003,2,66,0.164
1778030048.0338135,2,66,0.16
1778030049.1179671,2,66,0.313
1778030050.6148815,2,66,0.187
1778030051.9603438,2,66,0.181
1778030053.030538,2,66,0.192
1778030053.942684,2,66,0.202
1778030054.9799666,2,66,0.213
1778030056.204381,2,66,0.282
1778030057.1955523,2,66,0.237
1778030058.2678187,2,66,0.24
1778030059.239788,2,66,0.314
1778030060.3085704,2,66,0.296
1778030061.2711434,2,66,0.294
1778030062.2739832,2,66,0.314
1778030063.2795033,2,66,0.311
1778030064.2815342,2,66,0.332
1778030065.3307502,2,66,0.288
1778030066.3324084,2,66,0.169
1778030067.333619,2,66,0.177
1778030068.3475678,2,66,0.191
1778030069.3497155,2,66,0.241
1778030070.357512,2,66,0.183
1778030071.3648167,2,66,0.188
1778030072.3811119,2,66,0.19
1778030073.3804643,2,66,0.202
1778030074.5944364,2,66,0.172
1778030075.596346,2,66,0.148
1778030076.6034908,2,66,0.182
1778030077.618205,2,66,0.155
1778030078.6202931,2,66,0.165
1778030079.6327527,2,66,0.18
1778030080.6392255,2,66,0.168
1778030081.6661112,2,66,0.194
1778030082.6686726,2,66,0.293
1778030083.6813855,2,66,0.294
1778030084.6874003,2,66,0.288
1778030085.687606,2,66,0.214
1778030086.695523,2,66,0.303
1778030087.7037334,2,66,0.235
1778030088.7076173,2,66,0.181
1778030089.764915,2,66,0.294
1778030090.7525523,2,66,0.264
1778030091.7524796,2,66,0.273
1778030092.7566922,2,66,0.247
1778030093.763675,2,66,0.236
1778030094.7723422,2,66,0.255
1778030095.7671828,2,66,0.242
1778030096.771049,2,66,0.245
1778030097.7839165,2,66,0.216
1778030098.7895813,2,66,0.261
1778030099.7901087,2,66,0.314
1778030100.795603,2,66,0.294
1778030101.8384335,2,66,0.319
1778030102.865405,2,66,0.296
1778030103.8791933,2,66,0.303
1778030104.9017646,2,66,0.186
1778030105.9407234,2,66,0.187
1778030106.9462764,2,66,0.236
1778030108.1299903,2,66,0.233
1778030109.1333842,2,66,0.316
1778030110.1579003,2,66,0.178
1778030111.1637151,2,66,0.18
1778030112.1667411,2,66,0.188
1778030113.1686897,2,66,0.187
1778030114.1734412,2,66,0.293
1778030115.1761088,2,66,0.324
1778030116.2517817,2,66,0.203
1778030117.804317,2,66,0.255
1778030118.7825522,2,66,0.183
1778030119.7800102,2,66,0.307
1778030120.7852805,2,66,0.161
1778030121.7982674,2,66,0.175
1778030122.79667,2,66,0.175
1778030123.8016815,2,66,0.159
1778030124.8049088,2,66,0.307
1778030125.8071163,2,66,0.256
1778030126.8144517,2,66,0.232
1778030127.813966,2,66,0.21
1778030128.8229275,2,66,0.224
1778030129.8273842,2,66,0.214
1778030130.8280334,2,66,0.242
1778030131.8337624,2,66,0.312
1778030132.8510334,2,66,0.308
1778030133.8512685,2,66,0.293
1778030134.8586493,2,66,0.26
1778030135.9603548,2,66,0.296
1778030136.9636428,2,66,0.177
1778030137.9688294,2,66,0.158
1778030138.9749243,2,66,0.185
1778030139.9803958,2,66,0.174
1778030140.9907904,2,66,0.304
1778030141.992571,2,66,0.175
1778030143.281535,2,66,0.29
1778030144.0101626,2,66,0.237
1778030145.0180142,2,66,0.173
1778030146.0240934,2,66,0.314
1778030147.0230124,2,66,0.179
1778030148.0342476,2,66,0.186
1778030149.0314686,2,66,0.27
1778030150.0369222,2,66,0.303
1778030151.038568,2,66,0.291
1778030152.0504699,2,66,0.343
1778030153.0523107,2,66,0.331
1778030154.052999,2,66,0.3
1778030155.0641398,2,66,0.314
1778030156.0665054,2,66,0.294
1778030157.0714438,2,66,0.262
1778030158.0798657,2,66,0.209
1778030159.2654545,2,66,0.248
1778030160.2591236,2,66,0.272
1778030161.2586727,2,66,0.211
1778030162.2665591,2,66,0.198
1778030163.273074,2,66,0.17
1778030164.2880847,2,66,0.176
1778030165.405376,2,66,0.224
1778030166.406847,2,66,0.36
1778030167.6364634,2,66,0.246
1778030169.2680957,2,66,0.311
1778030170.241653,2,66,0.245
1778030171.3497865,2,66,0.3
1778030172.503583,2,66,0.299
1778030173.5862155,2,66,0.487
1778030175.0887773,2,66,0.261
1778030176.0910757,2,66,0.246
1778030177.0929437,2,66,0.302
1778030178.0969234,2,66,0.266
1778030179.1042798,2,66,0.228
1778030180.106614,2,66,0.235
1778030181.168214,2,66,0.318
1778030182.1094413,2,66,0.314
1778030183.1167865,2,66,0.261
1778030184.119506,2,66,0.295
1778030185.1232195,2,66,0.223
1778030186.1252952,2,66,0.235
1778030187.132061,2,66,0.313
1778030188.137382,2,66,0.234
1778030189.153604,2,66,0.174
1778030190.1627207,2,66,0.222
1778030191.1607783,2,66,0.313
1778030192.1661878,2,66,0.315
1778030193.1674554,2,66,0.193
1778030194.6754327,2,66,0.289
1778030195.6065483,2,66,0.203
1778030196.6133602,2,66,0.166
1778030197.6510909,2,66,0.233
1778030198.6552992,2,66,0.153
1778030199.6604156,2,66,0.182
1778030200.6684158,2,66,0.208
1778030201.6729603,2,66,0.192
1778030202.670541,2,66,0.211
1778030203.6790268,2,66,0.201
1778030204.7231011,2,66,0.38
1778030205.6835215,2,66,0.304
1778030206.6860356,2,66,0.264
1778030207.686621,2,66,0.283
1778030208.6912057,2,66,0.193
1778030209.6966238,2,66,0.206
1778030210.703753,2,66,0.321
1778030211.7039917,2,66,0.258
1778030212.708281,2,66,0.26
1778030213.7147992,2,66,0.218
1778030214.720951,2,66,0.187
1778030215.7317894,2,66,0.223
1778030216.7278457,2,66,0.201
1778030217.7326093,2,66,0.318
1778030218.7347977,2,66,0.192
1778030219.750851,2,66,0.191
1778030220.7517347,2,66,0.195
1778030221.7553904,2,66,0.267
1778030222.7676854,2,66,0.469
1778030223.772289,2,66,0.184
1778030225.805755,2,66,0.186
1778030226.806561,2,66,0.187
1778030227.8063383,2,66,0.287
1778030228.8138022,2,66,0.171
1778030230.3399863,2,66,0.31
1778030232.3889227,2,66,0.291
1778030233.2874973,2,66,0.267
1778030235.878726,2,66,0.287
1778030236.8139248,2,66,0.312
1778030238.219338,2,66,0.183
1778030239.4200218,2,66,0.274
1778030240.4272819,2,66,0.189
1778030241.4289467,2,66,0.173
1778030242.4338975,2,66,0.198
1778030243.443396,2,66,0.185
1778030244.4380102,2,66,0.183
1778030245.4406717,2,66,0.216
1778030246.4494798,2,66,0.206
1778030247.4496481,2,66,0.293
1778030248.4536917,2,66,0.253
1778030249.5038118,2,66,0.314
1778030250.461744,2,66,0.187
1778030251.7147138,2,66,0.273
1778030252.7210464,2,66,0.193
1778030253.7219863,2,66,0.306
1778030254.7287188,2,66,0.216
1778030255.7353234,2,66,0.229
1778030256.7399702,2,66,0.234
1778030257.7528272,2,66,0.244
1778030258.752662,2,66,0.208
1778030259.760792,2,66,0.195
1778030260.7581925,2,66,0.424
1778030261.7617006,2,66,0.219
1778030262.767811,2,66,0.272
1778030263.77512,2,66,0.216
1778030264.7727077,2,66,0.153
1778030265.792975,2,66,0.177
1778030266.7970107,2,66,0.288
1778030267.7961774,2,66,0.297
1778030268.80425,2,66,0.318
1778030269.8049357,2,66,0.18
1778030270.808656,2,66,0.18
1778030271.8120322,2,66,0.312
1778030272.8154824,2,66,0.169
1778030273.8263426,2,66,0.169
1778030274.8290873,2,66,0.31
1778030275.9605696,2,66,0.188
1778030277.1756303,2,66,0.25
1778030278.1785095,2,66,0.244
1778030279.2362428,2,66,0.394
1778030280.2943418,2,66,0.2
1778030281.414109,2,66,0.191
1778030282.5359025,2,66,0.191
1778030283.5203514,2,66,0.273
1778030284.5138636,2,66,0.313
1778030285.5584693,2,66,0.272
1778030286.7006571,2,66,0.287
1778030287.8833463,2,66,0.481
1778030288.8011272,2,66,0.283
1778030289.892689,2,66,0.217
1778030290.989131,2,66,0.184
1778030292.0495465,2,66,0.353
1778030293.233749,2,66,0.338
1778030294.2733917,2,66,0.264
1778030295.1927116,2,66,0.247
1778030296.1860514,2,66,0.283
1778030297.352542,2,66,0.191
1778030298.5371938,2,66,0.359
1778030299.5315347,2,66,0.242
1778030300.5343301,2,66,0.282
1778030301.5355227,2,66,0.233
1778030302.538839,2,66,0.192
1778030303.6273549,2,66,0.27
1778030305.4469576,2,66,0.313
1778030307.102556,2,66,0.319
1778030308.0681734,2,66,0.225
1778030309.5014696,2,66,0.285
1778030310.6943526,2,66,0.345
1778030311.67339,2,66,0.309
1778030312.6677668,2,66,0.27
1778030313.7629132,2,66,0.299
1778030315.1092777,2,66,0.249
1778030316.352816,2,66,0.306
1778030317.2118487,2,66,0.333
1778030318.4152882,2,66,0.189
1778030320.631808,2,66,0.313
1778030321.7466831,2,66,0.32
1778030323.385123,2,66,0.29
1778030324.9955018,2,66,0.312
1778030325.787592,2,66,0.31
1778030326.7548263,2,66,0.273
1778030327.7725344,2,66,0.303
1778030328.8182693,2,66,0.453
1778030329.799266,2,66,0.309
1778030330.7986488,2,66,0.341
1778030331.8073814,2,66,0.232
1778030332.80859,2,66,0.267
1778030333.809818,2,66,0.253
1778030334.8145776,2,66,0.248
1778030335.8252687,2,66,0.302
1778030336.829319,2,66,0.273
1778030338.7193244,2,66,0.26
1778030339.7256522,2,66,0.202
1778030340.741709,2,66,0.303
1778030341.747757,2,66,0.29
1778030342.756376,2,66,0.307
1778030343.7545216,2,66,0.283
1778030344.755711,2,66,0.365
1778030345.7608242,2,66,0.306
1778030346.7646596,2,66,0.276
1778030347.7673638,2,66,0.292
1778030349.048514,2,66,0.481
1778030350.0511682,2,66,0.235
1778030351.2574325,2,66,0.303
1778030352.4713688,2,66,0.312
1778030353.9644847,2,66,0.209
1778030354.9013205,2,66,0.177
1778030356.1151981,2,66,0.272
1778030357.276551,2,66,0.211
1778030358.5009253,2,66,0.157
1778030359.5973039,2,66,0.225
1778030360.7133725,2,66,0.293
1778030361.750087,2,66,0.296
1778030362.735565,2,66,0.258
1778030364.1820564,2,66,0.311
1778030365.190059,2,66,0.29
1778030366.3955343,2,66,0.308
1778030367.6909692,2,66,0.274
1778030368.8172586,2,66,0.239
1778030369.9973052,2,66,0.158
1778030371.1010067,2,66,0.321
1778030372.0841515,2,66,0.232
1778030373.0939693,2,66,0.268
1778030374.101452,2,66,0.257
1778030375.1016479,2,66,0.22
1778030376.105426,2,66,0.32
1778030377.1132357,2,66,0.316
1778030378.122722,2,66,0.314
1778030379.1232474,2,66,0.313
1778030380.1267052,2,66,0.293
1778030381.1314337,2,66,0.202
1778030382.139839,2,66,0.21
1778030383.223752,2,66,0.215
1778030384.4937751,2,66,0.296
1778030385.499564,2,66,0.31
1778030386.5005343,2,66,0.278
1778030387.5069585,2,66,0.312
1778030388.5175726,2,66,0.174
1778030390.2124112,2,66,0.175
1778030391.2188132,2,66,0.19
1778030392.2213225,2,66,0.286
1778030393.2225583,2,66,0.181
1778030394.2337086,2,66,0.226
1778030395.240917,2,66,0.301
1778030396.3259256,2,66,0.317
1778030397.2897644,2,66,0.292
1778030398.3442733,2,66,0.461
1778030399.5004795,2,66,0.309
1778030400.87851,2,66,0.317
1778030401.5099502,2,66,0.262
1778030402.559878,2,66,0.327
1778030403.9398448,2,66,0.32
1778030405.0776527,2,66,0.311
1778030405.9434156,2,66,0.309
1778030406.9957309,2,66,0.31
1778030408.2210617,2,66,0.491
1778030409.2323008,2,66,0.17
1778030410.236756,2,66,0.285
1778030411.75302,2,66,0.354
1778030412.7664893,2,66,0.314
1778030414.0921762,2,66,0.464
1778030414.8734884,2,66,0.212
1778030416.2477443,2,66,0.306
1778030417.2729046,2,66,0.208
1778030418.3537834,2,66,0.223
1778030419.2922592,2,66,0.153
1778030420.2916656,2,66,0.174
1778030421.3028398,2,66,0.28
1778030422.3040898,2,66,0.174
1778030423.317738,2,66,0.167
1778030424.3232663,2,66,0.169
1778030425.3230705,2,66,0.179
1778030426.3276148,2,66,0.274
1778030427.6382892,2,66,0.402
1778030428.3374755,2,66,0.318
1778030429.402129,2,66,0.278
1778030430.5156868,2,66,0.314
1778030431.532551,2,66,0.305
1778030433.1508238,2,66,0.3
1778030434.1519608,2,66,0.321
1778030435.1495926,2,66,0.18
1778030436.1523185,2,66,0.169
1778030437.1550164,2,66,0.316
1778030438.155992,2,66,0.31
1778030439.1589518,2,66,0.182
1778030440.1612244,2,66,0.3
1778030441.1678941,2,66,0.313
1778030442.1730888,2,66,0.268
1778030443.17626,2,66,0.18
1778030444.1801372,2,66,0.148
1778030445.181279,2,66,0.202
1778030446.1875257,2,66,0.171
1778030447.186856,2,66,0.31
1778030448.196332,2,66,0.198
1778030449.1963828,2,66,0.183
1778030450.199023,2,66,0.171
1778030451.2005758,2,66,0.179
1778030452.2072313,2,66,0.177
1778030453.2094557,2,66,0.178
1778030454.2721262,2,66,0.387
1778030455.219639,2,66,0.219
1778030456.2233155,2,66,0.154
1778030457.2246099,2,66,0.23
1778030458.2279997,2,66,0.264
1778030459.2441928,2,66,0.24
1778030460.4379568,2,66,0.305
1778030461.316291,2,66,0.2
1778030462.2859125,2,66,0.182
1778030463.288033,2,66,0.189
1778030464.295252,2,66,0.18
1778030465.2966967,2,66,0.181
1778030466.3000655,2,66,0.199
1778030467.4646711,2,66,0.242
1778030468.3159256,2,66,0.276
1778030469.3184278,2,66,0.286
1778030470.3301356,2,66,0.189
1778030471.3334248,2,66,0.183
1778030472.3338053,2,66,0.184
1778030473.3478076,2,66,0.202
1778030474.3475072,2,66,0.342
1778030475.363234,2,66,0.268
1778030476.3608813,2,66,0.189
1778030477.4716249,2,66,0.198
1778030478.4006681,2,66,0.178
1778030479.3854842,2,66,0.253
1778030480.3937895,2,66,0.209
1778030481.4452305,2,66,0.167
1778030482.4075313,2,66,0.197
1778030483.414502,2,66,0.171
1778030484.4201672,2,66,0.193
1778030485.5551264,2,66,0.242
1778030486.55806,2,66,0.342
1778030487.5602558,2,66,0.231
1778030488.562276,2,66,0.237
1778030489.5719843,2,66,0.312
1778030490.6494722,2,66,0.297
1778030491.7003744,2,66,0.27
1778030492.8101459,2,66,0.493
1778030494.4265888,2,66,0.275
1778030495.4466794,2,66,0.185
1778030496.7951083,2,66,0.314
1778030497.805863,2,66,0.297
1778030498.8141084,2,66,0.183
1778030499.816468,2,66,0.318
1778030500.82267,2,66,0.175
1778030501.8303235,2,66,0.315
1778030502.8322396,2,66,0.185
1778030503.8404732,2,66,0.171
1778030504.842578,2,66,0.325
1778030505.970723,2,66,0.293
1778030506.9394732,2,66,0.248
1778030508.0748549,2,66,0.264
1778030509.4319444,2,66,0.313
1778030510.271306,2,66,0.395
1778030511.4063485,2,66,0.215
1778030512.7667413,2,66,0.232
1778030513.8180413,2,66,0.219
1778030515.2312343,2,66,0.331
1778030516.3467655,2,66,0.255
1778030517.2662146,2,66,0.469
1778030519.4659986,2,66,0.197
1778030520.5589485,2,66,0.298
1778030521.7186003,2,66,0.316
1778030522.75271,2,66,0.308
1778030523.7681947,2,66,0.274
1778030524.7912476,2,66,0.21
1778030525.7942796,2,66,0.316
1778030527.002878,2,66,0.302
1778030528.1859527,2,66,0.308
1778030529.1966424,2,66,0.239
1778030530.491578,2,66,0.305
1778030531.717339,2,66,0.451
1778030532.8322213,2,66,0.223
1778030533.8582754,2,66,0.205
1778030535.0042934,2,66,0.162
1778030535.9870477,2,66,0.387
1778030537.3052971,2,66,0.213
1778030538.282159,2,66,0.185
1778030539.290776,2,66,0.165
1778030540.2942677,2,66,0.191
1778030541.2918596,2,66,0.233
1778030542.299629,2,66,0.29
1778030543.3088124,2,66,0.16
1778030544.3094268,2,66,0.18
1778030545.3128183,2,66,0.182
1778030546.3147554,2,66,0.312
1778030547.3223577,2,66,0.176
1778030548.3213925,2,66,0.319
1778030549.3260727,2,66,0.335
1778030550.3289871,2,66,0.285
1778030551.6030629,2,66,0.428
1778030552.5639324,2,66,0.313
1778030553.5655308,2,66,0.313
1778030554.9796476,2,66,0.313
1778030556.1414185,2,66,0.317
1778030556.778296,2,66,0.32
1778030557.7811534,2,66,0.304
1778030558.7852352,2,66,0.3
1778030560.162689,2,66,0.209
1778030561.175662,2,66,0.169
1778030562.1767647,2,66,0.306
1778030563.3476598,2,66,0.296
1778030564.8432038,2,66,0.42
1778030565.7490928,2,66,0.284
1778030566.7604334,2,66,0.317
1778030567.7563334,2,66,0.292
1778030568.7691534,2,66,0.273
1778030569.7676675,2,66,0.288
1778030570.7779405,2,66,0.316
1778030571.7920752,2,66,0.443
1778030572.7962315,2,66,0.313
1778030573.950807,2,66,0.316
1778030574.9992702,2,66,0.313
1778030576.1061175,2,66,0.312
1778030577.110502,2,66,0.312
1778030578.1158202,2,66,0.204
1778030579.1237545,2,66,0.315
1778030580.1235197,2,66,0.212
1778030581.1292388,2,66,0.177
1778030582.127585,2,66,0.214
1778030583.312309,2,66,0.261
1778030584.4139566,2,66,0.195
1778030585.7797134,2,66,0.319
1778030586.7805145,2,66,0.315
1778030587.7829576,2,66,0.319
1778030588.7877405,2,66,0.271
1778030589.7889998,2,66,0.207
1778030590.792831,2,66,0.264
1778030591.802762,2,66,0.297
1778030592.810743,2,66,0.295
1778030593.9828455,2,66,0.25
1778030595.0286946,2,66,0.245
1778030596.2348351,2,66,0.233
1778030597.3137665,2,66,0.246
1778030598.320914,2,66,0.286
1778030599.6205466,2,66,0.309
1778030601.4274096,2,66,0.3
1778030603.7027442,2,66,0.318
1778030604.6964421,2,66,0.257
1778030605.7006702,2,66,0.242
1778030606.703326,2,66,0.24
1778030607.715254,2,66,0.227
1778030608.7274468,2,66,0.311
1778030609.7371862,2,66,0.268
1778030610.7400367,2,66,0.259
1778030611.7412825,2,66,0.256
1778030612.7442317,2,66,0.256
1778030613.7479088,2,66,0.314
1778030614.7495153,2,66,0.253
1778030615.7583895,2,66,0.316
1778030616.76432,2,66,0.318
1778030617.767893,2,66,0.292
1778030618.770174,2,66,0.399
1778030619.7797058,2,66,0.222
1778030620.7855775,2,66,0.2
1778030622.5218096,2,66,0.184
1778030623.5249913,2,66,0.314
1778030624.5776057,2,66,0.313
1778030625.9435022,2,66,0.299
1778030627.4659867,2,66,0.307
1778030629.4137247,2,66,0.303
1778030630.4109058,2,66,0.265
1778030631.4238858,2,66,0.311
1778030632.4376469,2,66,0.278
1778030633.4284306,2,66,0.247
1778030634.4294364,2,66,0.321
1778030635.4369235,2,66,0.376
1778030636.4421308,2,66,0.273
1778030637.4529943,2,66,0.273
1778030638.4527068,2,66,0.249
1778030639.4572766,2,66,0.364
1778030640.4613643,2,66,0.258
1778030641.5475671,2,66,0.185
1778030642.509145,2,66,0.371
1778030643.5237043,2,66,0.3
1778030644.6265337,2,66,0.321
1778030645.7103734,2,66,0.296
1778030646.796773,2,66,0.285
1778030647.787101,2,66,0.322
1778030648.7951334,2,66,0.296
1778030649.7974102,2,66,0.294
1778030650.8055437,2,66,0.213
1778030651.808682,2,66,0.251
1778030653.2882082,2,66,0.318
1778030653.9487844,2,66,0.274
1778030655.0727403,2,66,0.29
1778030656.0764856,2,66,0.232
1778030657.0821848,2,66,0.217
1778030658.1482077,2,66,0.22
1778030659.3322015,2,66,0.176
1778030660.3343987,2,66,0.317
1778030661.3405368,2,66,0.178
1778030662.3493102,2,66,0.236
1778030663.3539171,2,66,0.203
1778030664.3580608,2,66,0.186
1778030665.3602695,2,66,0.181
1778030666.3645644,2,66,0.194
1778030667.372945,2,66,0.207
1778030668.3796148,2,66,0.193
1778030669.3996272,2,66,0.188
1778030670.4054196,2,66,0.162
1778030671.9677002,2,66,0.314
1778030672.8835046,2,66,0.316
1778030674.1242168,2,66,0.319
1778030675.1250808,2,66,0.3
1778030676.6323407,2,66,0.26
1778030677.6895406,2,66,0.321
1778030678.6858642,2,66,0.166
1778030679.66153,2,66,0.189
1778030680.6690702,2,66,0.171
1778030681.667523,2,66,0.179
1778030682.6759276,2,66,0.308
1778030683.681196,2,66,0.154
1778030684.688354,2,66,0.188
1778030685.686164,2,66,0.16
1778030686.6884103,2,66,0.242
1778030687.7009032,2,66,0.191
1778030688.704945,2,66,0.191
1778030689.707512,2,66,0.27
1778030690.710839,2,66,0.282
1778030691.715236,2,66,0.313
1778030692.7356122,2,66,0.316
1778030693.7217803,2,66,0.264
1778030694.7220254,2,66,0.24
1778030695.7241623,2,66,0.25
1778030696.7279348,2,66,0.249
1778030697.7315655,2,66,0.258
1778030698.7374682,2,66,0.313
1778030699.7382312,2,66,0.295
1778030700.7411275,2,66,0.274
1778030701.7505858,2,66,0.291
1778030702.753196,2,66,0.277
1778030703.758416,2,66,0.301
1778030704.7575686,2,66,0.293
1778030705.769201,2,66,0.275
1778030706.7723434,2,66,0.287
1778030707.778823,2,66,0.317
1778030708.7865744,2,66,0.325
1778030709.7942114,2,66,0.366
1778030710.7923503,2,66,0.311
1778030711.8030581,2,66,0.295
1778030712.8038394,2,66,0.281
1778030713.851614,2,66,0.318
1778030715.0299897,2,66,0.293
1778030716.1042964,2,66,0.266
1778030717.1972146,2,66,0.171
1778030718.2086234,2,66,0.269
1778030719.2272918,2,66,0.157
1778030720.2855809,2,66,0.179
1778030721.5355608,2,66,0.238
1778030722.9589455,2,66,0.314
1778030723.6602652,2,66,0.249
1778030724.6388283,2,66,0.203
1778030725.6527388,2,66,0.163
1778030727.1729336,2,66,0.226
1778030728.498533,2,66,0.316
1778030729.4384043,2,66,0.31
1778030730.5548255,2,66,0.199
1778030731.6501353,2,66,0.423
1778030732.6383448,2,66,0.257
1778030733.6922565,2,66,0.184
1778030734.6906629,2,66,0.183
1778030736.0694423,2,66,0.309
1778030737.1367214,2,66,0.317
1778030739.6985643,2,66,0.308
1778030740.7015936,2,66,0.174
1778030742.7647157,2,66,0.321
1778030742.88763,2,66,0.219
1778030744.012874,2,66,0.294
1778030745.0883806,2,66,0.3
1778030746.0767891,2,66,0.284
1778030747.9884322,2,66,0.24
1778030749.202682,2,66,0.391
1778030750.103612,2,66,0.299
1778030751.4019015,2,66,0.201
1778030752.4787793,2,66,0.175
1778030754.0590656,2,66,0.287
1778030755.2934206,2,66,0.19
1778030756.2803414,2,66,0.198
1778030757.9085052,2,66,0.262
1778030759.6287572,2,66,0.329
1778030760.7227013,2,66,0.276
1778030761.726397,2,66,0.29
1778030762.708248,2,66,0.248
1778030763.71167,2,66,0.175
1778030764.722007,2,66,0.204
1778030765.7266665,2,66,0.181
1778030766.7345243,2,66,0.196
1778030767.7356472,2,66,0.306
1778030768.7393453,2,66,0.314
1778030769.742448,2,66,0.31
1778030770.7435668,2,66,0.167
1778030772.066107,2,66,0.489
1778030772.928784,2,66,0.211
1778030774.0144455,2,66,0.283
1778030775.0397637,2,66,0.256
1778030776.1084893,2,66,0.268
1778030777.026883,2,66,0.223
1778030778.0358107,2,66,0.249
1778030779.033425,2,66,0.241
1778030780.0861669,2,66,0.175
1778030781.0862594,2,66,0.221
1778030782.0982754,2,66,0.195
1778030783.1100082,2,66,0.181
1778030784.1226609,2,66,0.176
1778030785.121496,2,66,0.271
1778030786.1247966,2,66,0.179
1778030787.6842499,2,66,0.302
1778030788.6189182,2,66,0.193
1778030789.6535113,2,66,0.181
1778030790.699274,2,66,0.317
1778030791.7246532,2,66,0.273
1778030792.8551104,2,66,0.254
1778030794.041394,2,66,0.306
1778030795.0139225,2,66,0.314
1778030796.0282474,2,66,0.355
1778030797.0344107,2,66,0.243
1778030798.0361695,2,66,0.247
1778030799.0390356,2,66,0.234
1778030800.0434263,2,66,0.314
1778030801.051514,2,66,0.237
1778030802.0623405,2,66,0.272
1778030803.0760734,2,66,0.28
1778030804.076078,2,66,0.247
1778030805.0913634,2,66,0.302
1778030806.090773,2,66,0.195
1778030807.0933166,2,66,0.179
1778030808.0962322,2,66,0.331
1778030809.250995,2,66,0.269
1778030810.1566556,2,66,0.185
1778030811.1182914,2,66,0.223
1778030812.1247754,2,66,0.308
1778030813.1271176,2,66,0.291
1778030814.1296625,2,66,0.236
1778030815.142496,2,66,0.184
1778030816.1407146,2,66,0.305
1778030817.146864,2,66,0.249
1778030818.1508756,2,66,0.18
1778030819.153593,2,66,0.306
1778030820.1996813,2,66,0.318
1778030821.2674804,2,66,0.31
1778030822.2752163,2,66,0.317
1778030823.2851152,2,66,0.299
1778030824.2884493,2,66,0.273
1778030825.2911632,2,66,0.317
1778030826.2944548,2,66,0.282
1778030827.2975636,2,66,0.288
1778030828.2975948,2,66,0.189
1778030829.3089917,2,66,0.238
1778030830.3107054,2,66,0.246
1778030831.3132837,2,66,0.383
1778030832.7718654,2,66,0.307
1778030833.8214836,2,66,0.312
1778030835.0553954,2,66,0.283
1778030836.3059647,2,66,0.32
1778030837.6570604,2,66,0.189
1778030838.7189472,2,66,0.177
1778030839.9430017,2,66,0.328
1778030841.2401597,2,66,0.227
1778030842.2446527,2,66,0.225
1778030843.2506733,2,66,0.21
1778030844.2487755,2,66,0.205
1778030845.2492812,2,66,0.171
1778030846.2537262,2,66,0.192
1778030847.256474,2,66,0.295
1778030848.2567976,2,66,0.188
1778030849.2595909,2,66,0.171
1778030850.2629392,2,66,0.187
1778030851.2684205,2,66,0.308
1778030852.2704885,2,66,0.313
1778030853.2763748,2,66,0.292
1778030854.2753692,2,66,0.201
1778030855.2762177,2,66,0.191
1778030856.7411568,2,66,0.14
1778030857.9237194,2,66,0.315
1778030858.925227,2,66,0.245
1778030860.2688591,2,66,0.221
1778030862.4883575,2,66,0.295
1778030863.2370877,2,66,0.212
1778030864.244735,2,66,0.306
1778030865.2481549,2,66,0.235
1778030866.259768,2,66,0.293
1778030867.2571557,2,66,0.32
1778030868.254966,2,66,0.278
1778030869.2596316,2,66,0.294
1778030870.2651277,2,66,0.19
1778030871.266748,2,66,0.185
1778030872.271308,2,66,0.325
1778030873.2718241,2,66,0.198
1778030874.2841547,2,66,0.295
1778030875.3182366,2,66,0.192
1778030876.6395943,2,66,0.197
1778030877.648944,2,66,0.185
1778030878.6515174,2,66,0.192
1778030879.6505914,2,66,0.205
1778030880.8065476,2,66,0.324
1778030882.0277388,2,66,0.212
1778030883.0794241,2,66,0.309
1778030884.6847231,2,66,0.247
1778030885.7261705,2,66,0.338
1778030886.8427856,2,66,0.413
1778030887.7623336,2,66,0.177
1778030888.8047843,2,66,0.384
1778030889.769396,2,66,0.32
1778030890.905564,2,66,0.325
1778030891.8945098,2,66,0.331
1778030892.8807333,2,66,0.315
1778030893.878382,2,66,0.27
1778030894.8899057,2,66,0.304
1778030895.8931408,2,66,0.285
1778030896.8939414,2,66,0.267
1778030897.8975642,2,66,0.304
1778030898.9013345,2,66,0.284
1778030899.910231,2,66,0.417
1778030900.9077938,2,66,0.286
1778030901.9124074,2,66,0.295
1778030902.9159257,2,66,0.232
1778030903.917811,2,66,0.286
1778030904.9373047,2,66,0.236
1778030905.9210796,2,66,0.279
1778030906.9415252,2,66,0.314
1778030908.146215,2,66,0.32
1778030909.1877453,2,66,0.194
1778030910.6074195,2,66,0.207
1778030911.9430175,2,66,0.277
1778030912.9562924,2,66,0.252
1778030913.9678783,2,66,0.261
1778030914.9623394,2,66,0.261
1778030915.9657085,2,66,0.252
1778030916.9660351,2,66,0.211
1778030917.9738562,2,66,0.3
1778030918.9789515,2,66,0.298
1778030919.9854684,2,66,0.31
1778030920.9867096,2,66,0.295
1778030921.9994211,2,66,0.439
1778030923.0050123,2,66,0.312
1778030924.0032284,2,66,0.318
1778030925.0156837,2,66,0.323
1778030926.0153794,2,66,0.31
1778030927.01819,2,66,0.301
1778030928.0217276,2,66,0.305
1778030929.030393,2,66,0.391
1778030930.032231,2,66,0.265
1778030931.035792,2,66,0.294
1778030932.0437462,2,66,0.299
1778030933.0434184,2,66,0.308
1778030934.0509205,2,66,0.314
1778030935.2576401,2,66,0.324
1778030936.197985,2,66,0.325
1778030937.0712533,2,66,0.243
1778030938.0711668,2,66,0.447
1778030939.1304371,2,66,0.322
1778030940.1413813,2,66,0.293
1778030941.1414447,2,66,0.304
1778030942.1707935,2,66,0.312
1778030943.1448421,2,66,0.32
1778030944.1484308,2,66,0.316
1778030945.150205,2,66,0.432
1778030946.1498146,2,66,0.319
1778030947.1504447,2,66,0.315
1778030948.152033,2,66,0.308
1778030949.1545725,2,66,0.309
1778030950.1547468,2,66,0.29
1778030951.1571608,2,66,0.318
1778030952.2876537,2,66,0.334
1778030953.2362466,2,66,0.335
1778030954.1895256,2,66,0.261
1778030955.1715405,2,66,0.288
1778030956.1690788,2,66,0.319
1778030957.1711447,2,66,0.302
1778030958.173861,2,66,0.322
1778030959.187874,2,66,0.327
1778030960.1773276,2,66,0.277
1778030961.177698,2,66,0.294
1778030962.1787732,2,66,0.22
1778030963.182643,2,66,0.318
1778030964.285363,2,66,0.267
1778030965.22663,2,66,0.251
1778030966.2234392,2,66,0.452
1778030967.2252882,2,66,0.546
1778030968.227441,2,66,0.278
1778030969.2295277,2,66,0.303
1778030970.2326343,2,66,0.273
1778030971.2365456,2,66,0.345
1778030972.3073657,2,66,0.304
1778030973.2432954,2,66,0.339
1778030974.2498481,2,66,0.256
1778030975.333965,2,66,0.293
1778030976.3022041,2,66,0.317
1778030977.2924755,2,66,0.295
1778030978.2911735,2,66,0.451
1778030979.293887,2,66,0.33
1778030980.2948964,2,66,0.318
1778030981.3021383,2,66,0.299
1778030982.3102133,2,66,0.334
1778030983.3144388,2,66,0.324
1778030984.3173292,2,66,0.422
1778030985.32812,2,66,0.317
1778030986.332278,2,66,0.449
1778030987.3338776,2,66,0.378
1778030988.3353043,2,66,0.478
1778030989.34269,2,66,0.581
1778030990.3385096,2,66,0.305
1778030991.3416874,2,66,0.301
1778030992.341137,2,66,0.308
1778030993.345821,2,66,0.348
1778030994.3492982,2,66,0.311
1778030995.3635902,2,66,0.321
1778030996.3732383,2,66,0.299
1778030997.3713977,2,66,0.297
1778030998.3750427,2,66,0.324
1778030999.3823383,2,66,0.322
1778031000.3841226,2,66,0.306
1778031001.3857527,2,66,0.325
1778031002.387778,2,66,0.314
1778031003.3878932,2,66,0.316
1778031004.393399,2,66,0.312
1778031005.3955255,2,66,0.309
1778031006.402935,2,66,0.232
1778031007.4861414,2,66,0.261
1778031008.4879627,2,66,0.321
1778031009.943933,2,66,0.305
1778031011.0281162,2,66,0.296
1778031012.0835583,2,66,0.304
1778031013.4454367,2,66,0.347
1778031014.4499502,2,66,0.301
1778031015.456041,2,66,0.305
1778031016.467028,2,66,0.407
1778031017.479057,2,66,0.439
1778031018.4843369,2,66,0.309
1778031019.4855404,2,66,0.304
1778031020.4892032,2,66,1.296
1778031021.490593,2,66,0.294
1778031022.491076,2,66,0.332
1778031023.494483,2,66,0.324
1778031024.4970877,2,66,0.4
1778031025.4977343,2,66,0.356
1778031026.5027564,2,66,0.322
1778031027.506343,2,66,0.315
1778031028.5058553,2,66,0.299
1778031029.5151806,2,66,0.399
1778031030.5213323,2,66,0.318
1778031031.5305912,2,66,0.319
1778031032.5279608,2,66,0.469
1778031033.5370612,2,66,0.335
1778031034.6083086,2,66,0.423
1778031035.5627003,2,66,0.32
1778031036.563494,2,66,0.324
1778031037.5610738,2,66,0.472
1778031038.5687091,2,66,0.3
1778031039.5693574,2,66,0.296
1778031040.570482,2,66,0.402
1778031041.5724173,2,66,0.325
1778031042.5741115,2,66,0.337
1778031043.5807152,2,66,0.318
1778031044.5852158,2,66,0.325
1778031045.5894902,2,66,0.314
1778031046.5946186,2,66,0.292
1778031047.605282,2,66,0.343
1778031048.605609,2,66,0.315
1778031049.608226,2,66,0.329
1778031050.6094556,2,66,0.492
1778031051.6217337,2,66,0.304
1778031052.6212146,2,66,0.289
1778031053.6218917,2,66,0.314
1778031054.625494,2,66,0.296
1778031055.6417959,2,66,0.309
1778031056.6417089,2,66,0.29
1778031057.6489875,2,66,0.325
1778031058.6445854,2,66,0.469
1778031059.644537,2,66,0.396
1778031060.6497066,2,66,0.297
1778031061.6544356,2,66,0.325
1778031062.6982453,2,66,0.296
1778031063.7415361,2,66,0.336
1778031064.74696,2,66,0.324
1778031065.7917116,2,66,0.322
1778031066.8699412,2,66,0.301
1778031067.8756578,2,66,0.324
1778031068.8825147,2,66,0.318
1778031069.889496,2,66,0.329
1778031070.8903124,2,66,0.319
1778031071.891908,2,66,0.327
1778031072.8876352,2,66,0.315
1778031073.9775035,2,66,0.384
1778031075.0947,2,66,0.344
1778031076.0969825,2,66,0.323
1778031077.0984545,2,66,0.318
1778031078.100748,2,66,0.322
1778031079.1034513,2,66,0.328
1778031080.1058488,2,66,0.458
1778031081.1065495,2,66,0.319
1778031082.1803937,2,66,0.505
1778031083.109524,2,66,0.314
1778031084.1343079,2,66,0.317
1778031085.245652,2,66,0.318
1778031086.2839923,2,66,0.305
1778031087.3024807,2,66,0.351
1778031088.4942367,2,66,0.491
1778031089.3689804,2,66,0.319
1778031090.3704476,2,66,0.299
1778031091.3775067,2,66,0.453
1778031092.3869143,2,66,0.309
1778031093.391099,2,66,0.323
1778031094.4003654,2,66,0.724
1778031095.4066505,2,66,0.32
1778031096.416477,2,66,0.326
1778031097.4236102,2,66,0.328
1778031098.4240074,2,66,0.31
1778031099.4284253,2,66,0.359
1778031100.4296112,2,66,0.362
1778031101.4328618,2,66,0.321
1778031102.4317515,2,66,0.31
1778031103.4882693,2,66,0.507
1778031104.4368994,2,66,0.301
1778031105.4391992,2,66,0.322
1778031106.4422827,2,66,0.319
1778031107.4422433,2,66,0.32
1778031108.4434948,2,66,0.331
1778031109.4777832,2,66,0.432
1778031110.5669713,2,66,0.319
1778031111.566825,2,66,0.296
1778031112.5729654,2,66,0.316
1778031113.5832598,2,66,0.721
1778031114.6174765,2,66,0.298
1778031115.6152852,2,66,0.431
1778031116.6181479,2,66,0.325
1778031117.6183248,2,66,0.357
1778031118.6300423,2,66,0.4
1778031119.657483,2,66,0.326
1778031120.6328063,2,66,0.319
1778031121.6309426,2,66,0.343
1778031122.6505773,2,66,0.318
1778031123.63047,2,66,0.312
1778031124.785706,2,66,0.312
1778031125.7874243,2,66,0.345
1778031126.7934396,2,66,0.329
1778031127.8187494,2,66,0.335
1778031128.940038,2,66,0.329
1778031130.0425427,2,66,0.333
1778031130.9316897,2,66,0.294
1778031131.9331448,2,66,0.401
1778031132.9651606,2,66,0.568
1778031133.9684246,2,66,0.323
1778031135.0398648,2,66,0.315
1778031136.0348818,2,66,0.295
1778031137.0397446,2,66,0.303
1778031138.0402563,2,66,0.316
1778031139.1065385,2,66,0.316
1778031140.092418,2,66,0.482
1778031141.1286285,2,66,0.428
1778031142.1294777,2,66,0.362
1778031143.424951,2,66,0.327
1778031144.5046682,2,66,0.297
1778031145.5046391,2,66,0.32
1778031146.7316988,2,66,0.32
1778031148.0275874,2,66,0.342
1778031148.9383786,2,66,0.3
1778031149.9569533,2,66,0.303
1778031151.0718956,2,66,0.295
1778031152.1198237,2,66,0.302
1778031153.1394541,2,66,0.315
1778031154.1447873,2,66,0.317
1778031155.15132,2,66,0.297
1778031156.1792343,2,66,0.445
1778031157.1814044,2,66,0.604
1778031158.1840684,2,66,0.437
1778031159.3146586,2,66,0.3
1778031160.2509336,2,66,0.302
1778031161.252327,2,66,0.296
1778031162.2570164,2,66,0.625
1778031163.2585955,2,66,0.75
1778031164.261263,2,66,0.305
1778031165.2583852,2,66,0.322
1778031166.2667162,2,66,0.325
1778031167.3386557,2,66,0.314
1778031168.3493817,2,66,0.302
1778031169.3508377,2,66,0.324
1778031170.3666296,2,66,0.336
1778031171.5373933,2,66,0.462
1778031172.57539,2,66,0.442
1778031173.554498,2,66,0.318
1778031174.5591977,2,66,0.297
1778031175.5611467,2,66,0.322
1778031176.588412,2,66,0.316
1778031177.591468,2,66,0.339
1778031178.5889354,2,66,0.391
1778031179.5914264,2,66,0.304
1778031180.6142051,2,66,0.41
1778031181.6158469,2,66,0.498
1778031182.6182144,2,66,0.512
1778031183.6194112,2,66,0.33
1778031184.744375,2,66,0.326
1778031185.74913,2,66,0.308
1778031186.6227672,2,66,0.304
1778031187.6224031,2,66,0.436
1778031188.6229107,2,66,0.298
1778031189.626878,2,66,0.41
1778031190.6306026,2,66,0.455
1778031191.700647,2,66,0.303
1778031192.6477182,2,66,0.343
1778031193.6643033,2,66,0.301
1778031194.6690273,2,66,0.31
1778031195.6717303,2,66,0.346
1778031196.6750612,2,66,0.369
1778031197.6819646,2,66,0.315
1778031198.7095551,2,66,0.32
1778031199.7562184,2,66,0.505
1778031200.7639682,2,66,0.429
1778031201.7612636,2,66,0.591
1778031202.7647493,2,66,0.353
1778031203.7618058,2,66,0.298
1778031204.7934823,2,66,0.32
1778031205.9736605,2,66,0.317
1778031207.5308416,2,66,0.422
1778031208.4506476,2,66,0.32
1778031209.4775248,2,66,0.321
1778031210.454313,2,66,0.321
1778031211.4533505,2,66,0.294
1778031212.4567213,2,66,0.307
1778031213.4565077,2,66,0.303
1778031214.5263367,2,66,0.383
1778031215.5256767,2,66,0.39
1778031216.5271862,2,66,0.327
1778031217.590439,2,66,0.319
1778031218.5292804,2,66,0.301
1778031219.5318162,2,66,0.306
1778031220.534252,2,66,0.307
1778031221.535749,2,66,0.41
1778031222.56393,2,66,0.491
1778031223.561675,2,66,0.305
1778031224.5825577,2,66,0.322
1778031225.5904415,2,66,0.3
1778031226.5811942,2,66,0.469
1778031227.6059422,2,66,0.323
1778031228.634183,2,66,0.423
1778031229.7369215,2,66,0.314
1778031230.69465,2,66,0.243
1778031231.7894025,2,66,0.305
1778031232.7410297,2,66,0.304
1778031233.7538419,2,66,0.321
1778031234.751448,2,66,0.67
1778031235.7583094,2,66,0.315
1778031236.7631822,2,66,0.505
1778031237.7650626,2,66,0.451
1778031238.7680795,2,66,0.308
1778031239.7700431,2,66,0.318
1778031240.7716625,2,66,0.32
1778031241.7718515,2,66,0.301
1778031242.7729464,2,66,0.404
1778031243.7736688,2,66,0.311
1778031244.7731733,2,66,0.666
1778031245.7744412,2,66,0.306
1778031246.7796347,2,66,0.327
1778031247.7845268,2,66,0.323
1778031248.784338,2,66,0.437
1778031249.789377,2,66,0.303
1778031250.7884839,2,66,0.301
1778031251.7928002,2,66,0.315
1778031252.8094678,2,66,0.325
1778031253.8633933,2,66,0.322
1778031254.8655415,2,66,0.436
1778031255.8690503,2,66,0.313
1778031257.3839412,2,66,0.297
1778031258.36335,2,66,0.321
1778031259.3639038,2,66,0.326
1778031260.6894743,2,66,0.319
1778031261.6703289,2,66,0.467
1778031262.6706831,2,66,0.298
1778031263.6714132,2,66,0.33
1778031264.788516,2,66,0.329
1778031265.7744079,2,66,0.499
1778031266.7644744,2,66,0.317
1778031267.7724378,2,66,0.31
1778031268.7951725,2,66,0.406
1778031269.7505634,2,66,0.294
1778031270.7515397,2,66,0.326
1778031271.7660787,2,66,0.428
1778031272.782217,2,66,0.357
1778031273.9035077,2,66,0.316
1778031274.8942266,2,66,0.326
1778031275.8954158,2,66,0.294
1778031276.8960373,2,66,0.373
1778031277.8979745,2,66,0.321
1778031278.900455,2,66,0.296
1778031279.897438,2,66,0.318
1778031280.9059699,2,66,0.309
1778031281.9053278,2,66,0.411
1778031282.9067998,2,66,0.404
1778031283.907456,2,66,0.359
1778031284.9138255,2,66,0.545
1778031285.9093535,2,66,0.538
1778031286.910627,2,66,0.295
1778031287.9125886,2,66,0.376
1778031288.9134297,2,66,0.374
1778031289.9133627,2,66,0.38
1778031290.9188645,2,66,0.296
1778031291.919439,2,66,0.311
1778031292.921489,2,66,0.308
1778031293.9218278,2,66,0.325
1778031294.9218147,2,66,0.325
1778031295.9285905,2,66,0.329
1778031296.952883,2,66,0.294
1778031297.9609423,2,66,0.325
1778031298.9473455,2,66,0.393
1778031299.9532144,2,66,0.31
1778031300.9619987,2,66,0.313
1778031301.9726348,2,66,0.316
1778031302.9600942,2,66,0.446
1778031303.9702182,2,66,0.317
1778031304.9618542,2,66,0.296
1778031305.9652405,2,66,0.316
1778031306.968807,2,66,0.318
1778031307.9718032,2,66,0.33
1778031308.975643,2,66,0.519
1778031309.973813,2,66,0.358
1778031310.9760675,2,66,0.311
1778031311.9989183,2,66,0.323
1778031312.9867687,2,66,0.379
1778031313.9881926,2,66,0.414
1778031314.98987,2,66,0.296
1778031316.0189867,2,66,0.298
1778031317.05405,2,66,0.299
1778031318.0284145,2,66,0.32
1778031319.0303454,2,66,0.312
1778031320.0336804,2,66,0.387
1778031321.0382292,2,66,0.318
1778031322.0544944,2,66,0.292
1778031323.0533724,2,66,0.294
1778031324.4669063,2,66,0.446
1778031325.467655,2,66,0.338
1778031326.4683628,2,66,0.341
1778031327.476421,2,66,0.291
1778031328.4902053,2,66,0.312
1778031329.4861767,2,66,0.468
1778031330.496708,2,66,0.364
1778031331.508167,2,66,0.324
1778031332.5042315,2,66,0.351
1778031333.5053203,2,66,0.329
1778031334.509687,2,66,0.432
1778031335.5155315,2,66,0.311
1778031336.5135438,2,66,0.32
1778031337.514601,2,66,0.323
1778031338.5148575,2,66,0.317
1778031339.5395727,2,66,0.324
1778031340.6757302,2,66,0.399
1778031341.8078713,2,66,0.306
1778031342.841731,2,66,0.323
1778031343.8186948,2,66,0.31
1778031344.9321108,2,66,0.353
1778031346.2249532,2,66,0.379
1778031347.0939937,2,66,0.405
1778031348.0958405,2,66,0.311
1778031349.106819,2,66,0.466
1778031350.1104524,2,66,0.3
1778031351.1956496,2,66,0.34
1778031352.237472,2,66,0.319
1778031353.1095417,2,66,0.374
1778031354.1950293,2,66,0.327
1778031355.1192758,2,66,0.615
1778031356.1217024,2,66,0.393
1778031357.1512492,2,66,0.475
1778031358.1486351,2,66,0.291
1778031359.1525266,2,66,0.298
1778031360.1537197,2,66,0.325
1778031361.1589115,2,66,0.323
1778031362.1576335,2,66,0.447
1778031363.16567,2,66,0.432
1778031364.1815443,2,66,0.331
1778031365.3834667,2,66,0.319
1778031366.5120325,2,66,0.441
1778031367.7898877,2,66,0.293
1778031368.9169888,2,66,0.316
1778031370.2422814,2,66,0.336
1778031371.7997775,2,66,0.438
1778031372.8156617,2,66,0.304
1778031373.8851044,2,66,0.532
1778031374.8148146,2,66,0.422
1778031376.0786633,2,66,0.328
1778031377.1327674,2,66,0.312
1778031378.1618452,2,66,0.297
1778031379.153475,2,66,0.292
1778031380.4474885,2,66,0.312
1778031381.3396797,2,66,0.32
1778031382.3492608,2,66,0.312
1778031383.3527987,2,66,0.441
1778031384.3573854,2,66,0.527
1778031385.3656855,2,66,0.316
1778031386.368617,2,66,0.417
1778031387.3669477,2,66,0.325
1778031388.3733375,2,66,0.314
1778031389.3752625,2,66,0.312
1778031390.3798745,2,66,0.324
1778031391.385204,2,66,0.386
1778031392.3846512,2,66,0.473
1778031393.3882632,2,66,0.298
1778031394.391177,2,66,0.368
1778031395.3888774,2,66,0.31
1778031396.3939605,2,66,0.316
1778031397.4026222,2,66,0.363
1778031398.4335506,2,66,0.521
1778031399.4063175,2,66,0.523
1778031400.509738,2,66,0.543
1778031401.503732,2,66,0.322
1778031402.992453,2,66,0.335
1778031403.9104834,2,66,0.302
1778031405.0017262,2,66,0.32
1778031406.1881542,2,66,0.407
1778031407.188184,2,66,0.293
1778031408.1923795,2,66,0.32
1778031409.1911817,2,66,0.307
1778031410.2584052,2,66,0.324
1778031411.2653494,2,66,0.319
1778031412.2751572,2,66,0.324
1778031413.3051727,2,66,0.299
1778031414.2946038,2,66,0.295
1778031415.3131185,2,66,0.423
1778031416.4617505,2,66,0.391
1778031417.3396018,2,66,0.323
1778031418.3234186,2,66,0.314
1778031419.3228202,2,66,0.299
1778031420.324759,2,66,0.89
1778031421.4446344,2,66,0.311
1778031422.466853,2,66,0.316
1778031423.480787,2,66,0.31
1778031424.4736676,2,66,0.315
1778031425.4754853,2,66,0.313
1778031426.4880548,2,66,0.43
1778031427.4879143,2,66,0.34
1778031428.5034344,2,66,0.315
1778031429.491743,2,66,0.32
1778031430.4992483,2,66,0.297
1778031431.4989207,2,66,0.318
1778031432.5014322,2,66,0.319
1778031433.50379,2,66,0.304
1778031434.5054169,2,66,0.315
1778031435.5255275,2,66,0.638
1778031436.5382648,2,66,0.309
1778031437.7882311,2,66,0.39
1778031438.870778,2,66,0.47
1778031439.8711326,2,66,0.304
1778031440.8794417,2,66,0.3
1778031441.8889625,2,66,0.307
1778031442.8901951,2,66,0.319
1778031443.8928974,2,66,0.346
1778031444.8934078,2,66,0.323
1778031445.93743,2,66,0.593
1778031446.9023895,2,66,0.299
1778031448.2633624,2,66,0.299
1778031449.374409,2,66,0.321
1778031450.4662285,2,66,0.323
1778031451.4838006,2,66,0.338
1778031452.487046,2,66,0.408
1778031453.4905503,2,66,0.36
1778031454.4987984,2,66,0.302
1778031455.5009894,2,66,0.336
1778031456.5161345,2,66,0.314
1778031457.5141454,2,66,0.313
1778031458.5173717,2,66,0.3
1778031459.5174963,2,66,0.301
1778031460.5267653,2,66,0.299
1778031461.5383532,2,66,0.375
1778031462.5435271,2,66,0.329
1778031463.54534,2,66,0.312
1778031464.546653,2,66,0.34
1778031465.5466466,2,66,0.317
1778031466.652672,2,66,0.322
1778031467.6019278,2,66,0.3
1778031469.0428,2,66,0.334
1778031469.939233,2,66,0.302
1778031471.0455167,2,66,0.363
1778031471.974202,2,66,0.32
1778031472.9825442,2,66,0.318
1778031473.9773333,2,66,0.313
1778031474.9844754,2,66,0.335
1778031475.9890099,2,66,0.341
1778031477.0017922,2,66,0.312
1778031478.0016735,2,66,0.542
1778031479.1967072,2,66,0.305
1778031480.1958973,2,66,0.397
1778031481.2050064,2,66,0.502
1778031482.2043629,2,66,0.442
1778031483.204881,2,66,0.446
1778031484.2118194,2,66,0.321
1778031485.2210174,2,66,0.427
1778031486.2683146,2,66,0.633
1778031487.2771788,2,66,0.471
1778031488.3172102,2,66,0.327
1778031489.3340077,2,66,0.452
1778031490.4026709,2,66,0.348
1778031491.3715,2,66,0.634
1778031492.4661305,2,66,0.542
1778031493.8409672,2,66,0.3
1778031495.0162315,2,66,0.41
1778031496.0296745,2,66,0.4
1778031497.4108741,2,66,0.323
1778031498.4498746,2,66,0.922
1778031499.545017,2,66,0.324
1778031500.7573788,2,66,0.313
1778031501.9160252,2,66,0.325
1778031502.9163635,2,66,0.298
1778031503.966334,2,66,0.326
1778031504.8764796,2,66,0.317
1778031505.8761055,2,66,0.297
1778031506.8795273,2,66,0.397
1778031507.8970993,2,66,0.329
1778031508.9927108,2,66,0.465
1778031510.0245976,2,66,0.365
1778031511.025366,2,66,0.405
1778031512.0274277,2,66,0.318
1778031513.0334408,2,66,0.32
1778031514.042535,2,66,0.554
1778031515.0515563,2,66,0.298
1778031516.057559,2,66,0.337
1778031517.0645015,2,66,0.305
1778031518.0665507,2,66,0.598
1778031519.0735753,2,66,0.429
1778031520.0848436,2,66,0.31
1778031521.0873168,2,66,0.32
1778031522.0834064,2,66,0.328
1778031523.0894318,2,66,0.557
1778031524.0990098,2,66,0.322
1778031525.097454,2,66,0.295
1778031526.0939863,2,66,0.317
1778031527.1041346,2,66,0.343
1778031528.09911,2,66,0.321
1778031529.1025434,2,66,0.357
1778031530.126018,2,66,0.489
1778031531.101492,2,66,0.322
1778031532.1136665,2,66,0.412
1778031533.1272676,2,66,0.312
1778031534.247503,2,66,0.374
1778031535.262506,2,66,0.326
1778031536.2643652,2,66,0.304
1778031537.327507,2,66,0.307
1778031538.2667038,2,66,0.339
1778031539.3624175,2,66,0.332
1778031540.477449,2,66,0.303
1778031541.586882,2,66,0.305
1778031542.6289527,2,66,0.323
1778031543.6310692,2,66,0.323
1778031544.6355474,2,66,0.352
1778031545.643241,2,66,0.307
1778031546.8080525,2,66,0.321
1778031547.658629,2,66,0.325
1778031548.65615,2,66,0.521
1778031549.6661046,2,66,0.411
1778031550.6694531,2,66,0.324
1778031551.7135806,2,66,0.328
1778031552.8073688,2,66,0.363
1778031553.8031502,2,66,0.502
1778031554.8137236,2,66,0.329
1778031555.8185022,2,66,0.322
1778031556.722672,2,66,0.912
1778031557.845906,2,66,0.349
1778031558.880921,2,66,0.333
1778031559.8171136,2,66,0.445
1778031560.9653666,2,66,0.305
1778031561.9022868,2,66,0.324
1778031562.9056892,2,66,0.322
1778031563.9050293,2,66,0.322
1778031565.1055117,2,66,0.346
1778031566.0944283,2,66,0.324
1778031567.0786726,2,66,0.326
1778031568.1585321,2,66,0.426
1778031569.1615317,2,66,0.302
1778031570.1658087,2,66,0.303
1778031571.1653025,2,66,0.451
1778031572.1748514,2,66,0.295
1778031573.261287,2,66,0.299
1778031574.2567863,2,66,0.393
1778031575.5103927,2,66,0.46
1778031576.4916081,2,66,0.313
1778031577.4921231,2,66,0.407
1778031578.494554,2,66,0.307
1778031579.4903154,2,66,0.479
1778031580.5030777,2,66,0.329
1778031581.5056827,2,66,0.438
1778031582.5080426,2,66,0.495
1778031583.5204873,2,66,0.294
1778031584.5180094,2,66,0.352
1778031585.5221975,2,66,0.361
1778031586.5203748,2,66,0.308
1778031587.5262682,2,66,0.316
1778031588.5282528,2,66,0.472
1778031589.5286987,2,66,0.296
1778031590.5333574,2,66,0.559
1778031591.537806,2,66,0.3
1778031592.5352962,2,66,0.368
1778031593.5365028,2,66,0.312
1778031594.5390775,2,66,0.499
1778031595.5409021,2,66,0.361
1778031596.5419831,2,66,0.316
1778031597.5432513,2,66,0.423
1778031598.540445,2,66,0.439
1778031599.544048,2,66,0.302
1778031600.5449471,2,66,0.319
1778031601.545728,2,66,0.324
1778031602.5459034,2,66,0.334
1778031603.5467114,2,66,0.316
1778031604.5595195,2,66,0.417
1778031605.5532138,2,66,0.311
1778031606.5725224,2,66,0.319
1778031607.555508,2,66,0.326
1778031608.557284,2,66,0.54
1778031609.5813384,2,66,0.289
1778031610.586109,2,66,0.319
1778031611.6112165,2,66,0.322
1778031612.6048381,2,66,0.313
1778031613.6055079,2,66,0.318
1778031614.606099,2,66,0.468
1778031615.6075234,2,66,0.421
1778031616.6087098,2,66,0.338
1778031617.6108336,2,66,0.319
1778031618.6114604,2,66,0.308
1778031619.624429,2,66,0.445
